datetime,OBM
2023-07-01,68.12
2023-07-02,70.94
2023-07-03,70.44
2023-07-04,75.16
2023-07-05,78.27
2023-07-06,69.48
2023-07-07,64.02
2023-07-08,62.73
2023-07-09,63.94
2023-07-10,62.24
2023-07-11,65.86
2023-07-12,68.47
2023-07-13,69.76
2023-07-14,75.28
2023-07-15,78.03
2023-07-16,72.52
2023-07-17,65.42
2023-07-18,72.04
2023-07-19,71.72
2023-07-20,68.72
2023-07-21,70.12
2023-07-22,71.39
2023-07-23,70.34
2023-07-24,64.64
2023-07-25,70.66
2023-07-26,71.1
2023-07-27,65.92
2023-07-28,66.18
2023-07-29,66.09
2023-07-30,65.63
2023-07-31,65.82
2023-08-01,70.15
2023-08-02,70.05
2023-08-03,68.84
2023-08-04,71.81
2023-08-05,70.6
2023-08-06,72.8
2023-08-07,73.86
2023-08-08,70.6
2023-08-09,68.8
2023-08-10,70.72
2023-08-11,71.24
2023-08-12,73.87
2023-08-13,81.72
2023-08-14,86.43
2023-08-15,83.2
2023-08-16,81.62
2023-08-17,79.26
2023-08-18,69.41
2023-08-19,68.3
2023-08-20,68.82
2023-08-21,66.24
2023-08-22,61.21
2023-08-23,62.72
2023-08-24,70.68
2023-08-25,76.17
2023-08-26,69.68
2023-08-27,65.62
2023-08-28,62.73
2023-08-29,68.38
2023-08-30,69.82
2023-08-31,60.11
2023-09-01,69.72
2023-09-02,71.23
2023-09-03,65.98
2023-09-04,60.54
2023-09-05,61.93
2023-09-06,62.16
2023-09-07,65.69
2023-09-08,64.18
2023-09-09,67.64
2023-09-10,66.11
2023-09-11,64.22
2023-09-12,64.34
2023-09-13,68.05
2023-09-14,69.72
2023-09-15,69.86
2023-09-16,66.58
2023-09-17,60.14
2023-09-18,63.55
2023-09-19,59.5
2023-09-20,59.37
2023-09-21,57.71
2023-09-22,58.96
2023-09-23,59.36
2023-09-24,55.31
2023-09-25,60.32
2023-09-26,60.7
2023-09-27,59.68
2023-09-28,58.1
2023-09-29,58.48
2023-09-30,57.94
2023-10-01,55.4
2023-10-02,53.03
2023-10-03,61.94
2023-10-04,59.88
2023-10-05,64.59
2023-10-06,75.24
2023-10-07,66.68
2023-10-08,62.1
2023-10-09,56.56
2023-10-10,55.07
2023-10-11,55.94
2023-10-12,59.81
2023-10-13,51.92
2023-10-14,55.22
2023-10-15,61.22
2023-10-16,60.0
2023-10-17,57.96
2023-10-18,57.16
2023-10-19,57.58
2023-10-20,55.1
2023-10-21,57.84
2023-10-22,58.04
2023-10-23,53.32
2023-10-24,48.64
2023-10-25,44.18
2023-10-26,47.1
2023-10-27,46.1
2023-10-28,43.94
2023-10-29,42.9
2023-10-30,43.39
2023-10-31,43.36
2023-11-01,46.31
2023-11-02,58.83
2023-11-03,57.02
2023-11-04,56.44
2023-11-05,53.68
2023-11-06,53.34
2023-11-07,48.62
2023-11-08,43.68
2023-11-09,45.96
2023-11-10,46.5
2023-11-11,50.55
2023-11-12,50.9
2023-11-13,50.02
2023-11-14,42.72
2023-11-15,48.75
2023-11-16,46.06
2023-11-17,46.42
2023-11-18,44.3
2023-11-19,43.3
2023-11-20,36.74
2023-11-21,42.98
2023-11-22,44.8
2023-11-23,42.02
2023-11-24,41.46
2023-11-25,36.68
2023-11-26,35.7
2023-11-27,33.72
2023-11-28,31.74
2023-11-29,31.84
2023-11-30,38.92
2023-12-01,46.83
2023-12-02,49.56
2023-12-03,51.91
2023-12-04,58.4
2023-12-05,59.3
2023-12-06,51.21
2023-12-07,44.21
2023-12-08,41.11
2023-12-09,38.82
2023-12-10,48.91
2023-12-11,48.48
2023-12-12,44.72
2023-12-13,38.06
2023-12-14,41.82
2023-12-15,41.0
2023-12-16,35.02
2023-12-17,35.76
2023-12-18,40.96
2023-12-19,49.5
2023-12-20,47.24
2023-12-21,43.47
2023-12-22,40.42
2023-12-23,34.56
2023-12-24,40.0
2023-12-25,46.72
2023-12-26,47.85
2023-12-27,44.58
2023-12-28,44.88
2023-12-29,50.52
2023-12-30,45.68
2023-12-31,40.74
2024-01-01,40.0
2024-01-02,38.97
2024-01-03,43.41
2024-01-04,42.7
2024-01-05,40.47
2024-01-06,40.02
2024-01-07,41.33
2024-01-08,43.3
2024-01-09,44.17
2024-01-10,39.58
2024-01-11,40.22
2024-01-12,35.22
2024-01-13,21.9
2024-01-14,20.7
2024-01-15,23.88
2024-01-16,22.76
2024-01-17,37.74
2024-01-18,39.15
2024-01-19,36.17
2024-01-20,35.08
2024-01-21,43.24
2024-01-22,50.39
2024-01-23,47.55
2024-01-24,48.63
2024-01-25,47.78
2024-01-26,46.94
2024-01-27,56.54
2024-01-28,56.58
2024-01-29,50.6
2024-01-30,53.08
2024-01-31,52.91
2024-02-01,51.6
2024-02-02,45.54
2024-02-03,42.9
2024-02-04,42.97
2024-02-05,45.59
2024-02-06,47.1
2024-02-07,45.4
2024-02-08,44.86
2024-02-09,42.68
2024-02-10,46.9
2024-02-11,48.74
2024-02-12,45.14
2024-02-13,40.18
2024-02-14,41.3
2024-02-15,45.26
2024-02-16,41.26
2024-02-17,40.2
2024-02-18,45.02
2024-02-19,46.48
2024-02-20,47.34
2024-02-21,50.09
2024-02-22,49.14
2024-02-23,48.53
2024-02-24,45.82
2024-02-25,44.88
2024-02-26,40.61
2024-02-27,40.53
2024-02-28,48.68
2024-02-29,41.96
2024-03-01,38.4
2024-03-02,36.81
2024-03-03,36.38
2024-03-04,37.85
2024-03-05,38.02
2024-03-06,37.56
2024-03-07,38.46
2024-03-08,44.14
2024-03-09,44.44
2024-03-10,45.57
2024-03-11,45.0
2024-03-12,46.26
2024-03-13,45.91
2024-03-14,47.55
2024-03-15,55.72
2024-03-16,56.54
2024-03-17,52.0
2024-03-18,56.0
2024-03-19,50.58
2024-03-20,51.02
2024-03-21,54.89
2024-03-22,51.59
2024-03-23,47.54
2024-03-24,46.54
2024-03-25,46.2
2024-03-26,49.01
2024-03-27,49.44
2024-03-28,45.34
2024-03-29,46.82
2024-03-30,54.02
2024-03-31,47.75
2024-04-01,52.78
2024-04-02,57.17
2024-04-03,46.79
2024-04-04,41.09
2024-04-05,42.18
2024-04-06,44.54
2024-04-07,49.12
2024-04-08,49.0
2024-04-09,52.14
2024-04-10,49.84
2024-04-11,48.96
2024-04-12,54.32
2024-04-13,51.34
2024-04-14,54.4
2024-04-15,49.99
2024-04-16,48.03
2024-04-17,47.26
2024-04-18,56.0
2024-04-19,58.91
2024-04-20,51.77
2024-04-21,46.4
2024-04-22,52.93
2024-04-23,59.88
2024-04-24,49.85
2024-04-25,52.78
2024-04-26,52.37
2024-04-27,50.02
2024-04-28,51.5
2024-04-29,48.52
2024-04-30,47.95
2024-05-01,44.79
2024-05-02,51.42
2024-05-03,48.79
2024-05-04,48.53
2024-05-05,49.47
2024-05-06,49.61
2024-05-07,48.18
2024-05-08,50.18
2024-05-09,62.26
2024-05-10,69.09
2024-05-11,67.28
2024-05-12,61.72
2024-05-13,59.42
2024-05-14,60.7
2024-05-15,63.44
2024-05-16,59.46
2024-05-17,53.44
2024-05-18,51.78
2024-05-19,49.32
2024-05-20,50.26
2024-05-21,49.57
2024-05-22,53.74
2024-05-23,52.48
2024-05-24,56.23
2024-05-25,53.05
2024-05-26,54.24
2024-05-27,57.38
2024-05-28,56.12
2024-05-29,56.95
2024-05-30,54.74
2024-05-31,59.44
2024-06-01,60.88
2024-06-02,58.06
2024-06-03,57.88
2024-06-04,60.13
2024-06-05,61.97
2024-06-06,64.71
2024-06-07,67.4
2024-06-08,64.24
2024-06-09,63.12
2024-06-10,62.41
2024-06-11,58.42
2024-06-12,60.71
2024-06-13,59.92
2024-06-14,53.96
2024-06-15,54.77
2024-06-16,52.07
2024-06-17,50.56
2024-06-18,56.42
2024-06-19,64.54
2024-06-20,67.01
2024-06-21,68.81
2024-06-22,65.72
2024-06-23,62.73
2024-06-24,61.96
2024-06-25,68.64
2024-06-26,60.74
2024-06-27,61.54
2024-06-28,65.76
2024-06-29,66.44
2024-06-30,70.38
2024-07-01,68.41
2024-07-02,63.82
2024-07-03,65.89
2024-07-04,72.65
2024-07-05,78.84
2024-07-06,78.35
2024-07-07,78.76
2024-07-08,80.81
2024-07-09,82.74
2024-07-10,74.72
2024-07-11,71.7
2024-07-12,69.44
2024-07-13,72.66
2024-07-14,73.6
2024-07-15,71.4
2024-07-16,77.94
2024-07-17,70.78
2024-07-18,68.5
2024-07-19,70.48
2024-07-20,74.0
2024-07-21,70.78
2024-07-22,67.4
2024-07-23,67.63
2024-07-24,67.0
2024-07-25,61.94
2024-07-26,66.8
2024-07-27,65.18
2024-07-28,64.48
2024-07-29,62.5
2024-07-30,70.86
2024-07-31,71.76
