OPENET_ID,ACRES_FTR_GEOM,GRIDMET_ID,HUC8,HUC8_name,HUC12,HUC12_name,IRR_EFF,ITYPE,OWRD,Region,srctype,CROP_1985,CROP_1986,CROP_1987,CROP_1988,CROP_1989,CROP_1990,CROP_1991,CROP_1992,CROP_1993,CROP_1994,CROP_1995,CROP_1996,CROP_1997,CROP_1998,CROP_1999,CROP_2000,CROP_2001,CROP_2002,CROP_2003,CROP_2004,CROP_2005,CROP_2006,CROP_2007,CROP_2008,CROP_2009,CROP_2010,CROP_2011,CROP_2012,CROP_2013,CROP_2014,CROP_2015,CROP_2016,CROP_2017,CROP_2018,CROP_2019,CROP_2020,CROP_2021,CROP_2022,CROP_2023,CROP_2024
ORx_158721,41.60801629,572494,18010204,Lost,180102040804,Swan Lake,0.65,4.0,14,18.0,1.0,37,37,37,37,37,37,37,37,37,37,37,37,37,37,37,37,37,37,37,37,37,37,37,37,176,176,37,37,37,176,37,37,37,37,37,37,37,37,37.0,176.0
ORx_158722,76.99142995,572494,18010204,Lost,180102040804,Swan Lake,0.65,4.0,14,18.0,1.0,37,37,37,37,37,37,37,37,37,37,37,37,37,37,37,37,37,37,37,37,37,37,37,37,37,37,37,37,37,37,37,37,37,37,37,37,37,37,37.0,176.0
ORx_158723,26.80088113,572494,18010204,Lost,180102040804,Swan Lake,0.65,4.0,14,18.0,1.0,37,37,37,37,37,37,37,37,37,37,37,37,37,37,37,37,37,37,37,37,37,37,37,37,176,37,37,37,37,176,37,37,37,37,37,37,37,37,37.0,176.0
ORx_158724,71.62695454,572494,18010204,Lost,180102040804,Swan Lake,0.65,4.0,14,18.0,1.0,37,37,37,37,37,37,37,37,37,37,37,37,37,37,37,37,37,37,37,37,37,37,37,37,176,37,37,37,37,37,37,37,37,37,37,37,37,37,176.0,176.0
ORx_158725,46.01655882,572494,18010204,Lost,180102040804,Swan Lake,0.65,4.0,14,18.0,1.0,37,37,37,37,37,37,37,37,37,37,37,37,37,37,37,37,37,37,37,37,37,37,37,37,37,37,37,37,37,37,37,37,37,37,37,37,37,37,37.0,176.0
ORx_158726,43.18241548,572494,18010204,Lost,180102040804,Swan Lake,0.65,4.0,14,18.0,1.0,37,37,37,37,37,37,37,37,37,37,37,37,37,37,37,37,37,37,37,37,37,37,37,37,37,37,37,37,37,37,37,37,37,37,37,37,37,37,37.0,176.0
ORx_158727,61.84205327,572494,18010204,Lost,180102040804,Swan Lake,0.65,4.0,14,18.0,1.0,37,37,37,37,37,37,37,37,37,37,37,37,37,37,37,37,37,37,37,37,37,37,37,37,37,37,37,37,37,37,37,37,37,37,37,37,176,176,176.0,176.0
ORx_158728,75.84016287,572494,18010204,Lost,180102040804,Swan Lake,0.65,4.0,14,18.0,1.0,37,37,37,37,37,37,37,37,37,37,37,37,37,37,37,37,37,37,37,37,37,37,37,37,37,37,37,37,37,37,37,37,37,37,37,37,176,176,176.0,176.0
ORx_158729,76.11786413,572494,18010204,Lost,180102040804,Swan Lake,0.65,4.0,14,18.0,1.0,37,37,37,37,37,37,37,37,37,37,37,37,37,37,37,37,37,37,37,37,37,37,37,37,176,37,37,37,37,37,37,37,37,37,37,176,176,176,37.0,176.0
ORx_158730,62.03832295,572494,18010204,Lost,180102040804,Swan Lake,0.65,4.0,14,18.0,1.0,37,37,37,37,37,37,37,37,37,37,37,37,37,37,37,37,37,37,37,37,37,37,37,37,37,37,37,37,37,37,37,37,37,37,37,37,176,176,176.0,176.0
ORx_158731,54.27545664,572494,18010204,Lost,180102040804,Swan Lake,0.65,4.0,14,18.0,1.0,37,37,37,37,37,37,37,37,37,37,37,37,37,37,37,37,37,37,37,37,37,37,37,37,37,37,37,37,37,37,37,37,37,37,37,37,37,37,37.0,176.0
ORx_158732,39.49535467,575265,18010204,Lost,180102040802,Grizzly Butte,0.85,1.0,14,18.0,0.0,176,176,176,176,176,176,176,176,176,176,176,176,176,176,176,176,176,176,176,176,176,176,176,176,176,152,176,176,176,176,176,176,176,152,152,152,36,36,36.0,152.0
ORx_158733,118.2093424,575265,18010204,Lost,180102040802,Grizzly Butte,0.85,1.0,14,18.0,3.0,36,36,36,36,36,36,36,36,36,36,36,36,36,36,36,36,36,36,36,36,36,36,37,37,37,37,37,37,36,36,36,36,36,36,36,36,21,47,36.0,36.0
ORx_158734,149.9196212,575265,18010204,Lost,180102040802,Grizzly Butte,0.85,1.0,14,18.0,1.0,37,37,37,37,37,37,37,37,37,37,37,37,37,37,37,37,37,37,37,37,37,37,37,37,37,37,37,37,37,37,37,37,36,36,36,21,24,47,36.0,21.0
ORx_158735,82.32810469,575265,18010204,Lost,180102040802,Grizzly Butte,0.85,1.0,14,18.0,3.0,36,36,36,36,36,36,36,36,36,36,36,36,36,36,36,36,36,36,36,36,36,36,37,37,37,37,23,37,36,36,36,36,36,36,36,21,21,47,36.0,176.0
ORx_158736,23.21797833,575264,18010204,Lost,180102040802,Grizzly Butte,0.85,1.0,14,18.0,1.0,37,37,37,37,37,37,37,37,37,37,37,37,37,37,37,37,37,37,37,37,37,37,37,37,37,37,36,37,37,37,37,37,36,36,36,36,21,47,36.0,36.0
ORx_158737,68.76199692,575264,18010204,Lost,180102040802,Grizzly Butte,0.85,1.0,14,18.0,3.0,36,36,36,36,36,36,36,36,36,36,36,36,36,36,36,36,36,36,36,36,36,36,37,37,37,37,36,37,36,36,36,36,36,36,36,36,36,36,36.0,176.0
ORx_158738,77.6955499,575265,18010204,Lost,180102040802,Grizzly Butte,0.85,1.0,14,18.0,3.0,36,36,36,36,36,36,36,36,36,36,36,36,36,36,36,36,36,36,36,36,36,36,37,37,37,43,36,37,36,36,36,36,36,36,36,36,21,47,36.0,176.0
ORx_158739,72.7673979,575264,18010204,Lost,180102040802,Grizzly Butte,0.85,1.0,14,18.0,3.0,37,37,37,37,37,37,37,37,37,37,37,37,37,37,37,37,37,37,37,37,37,37,37,37,37,37,23,37,37,37,37,36,36,36,36,36,36,36,205.0,176.0
ORx_158740,146.1408376,575264,18010204,Lost,180102040802,Grizzly Butte,0.85,1.0,14,18.0,1.0,37,37,37,37,37,37,37,37,37,37,37,37,37,37,37,37,37,37,37,37,37,37,37,37,37,37,37,37,37,37,37,37,37,36,36,21,24,47,36.0,176.0
ORx_158741,10.11696548,575264,18010204,Lost,180102040802,Grizzly Butte,0.85,1.0,14,18.0,1.0,37,37,37,37,37,37,37,37,37,37,37,37,37,37,37,37,37,37,37,37,37,37,36,36,36,37,37,37,37,37,37,37,37,37,36,36,36,36,36.0,36.0
ORx_158742,147.1273466,575264,18010204,Lost,180102040802,Grizzly Butte,0.85,1.0,14,18.0,1.0,37,37,37,37,37,37,37,37,37,37,37,37,37,37,37,37,37,37,37,37,37,37,37,37,37,37,37,37,37,37,37,37,21,21,176,21,24,47,36.0,36.0
ORx_158743,6.162797982,575264,18010204,Lost,180102040802,Grizzly Butte,0.85,1.0,14,18.0,1.0,36,36,36,36,36,36,36,36,36,36,36,36,36,36,36,36,36,36,36,36,36,36,176,176,36,37,37,37,37,37,37,36,36,36,36,36,36,36,36.0,36.0
ORx_158744,29.65402131,575264,18010204,Lost,180102040802,Grizzly Butte,0.85,1.0,14,18.0,1.0,37,37,37,37,37,37,37,37,37,37,37,37,37,37,37,37,37,37,37,37,37,37,37,37,37,37,37,37,37,37,36,36,36,36,36,36,36,36,205.0,142.0
ORx_158745,15.93160304,575264,18010204,Lost,180102040802,Grizzly Butte,0.85,1.0,14,18.0,1.0,36,36,36,36,36,36,36,36,36,36,36,36,36,36,36,36,36,36,36,36,36,36,36,36,37,37,37,37,37,37,37,36,36,36,36,36,36,36,36.0,36.0
ORx_158746,27.11515705,575264,18010204,Lost,180102040802,Grizzly Butte,0.85,1.0,14,18.0,1.0,37,37,37,37,37,37,37,37,37,37,37,37,37,37,37,37,37,37,37,37,37,37,37,37,37,37,37,37,37,37,36,36,24,24,36,36,36,36,36.0,36.0
ORx_158747,62.32227859,575264,18010204,Lost,180102040802,Grizzly Butte,0.85,1.0,14,18.0,1.0,37,37,37,37,37,37,37,37,37,37,37,37,37,37,37,37,37,37,37,37,37,37,37,37,37,37,37,37,37,37,37,37,37,36,37,37,21,47,36.0,176.0
ORx_158748,32.12208689,575264,18010204,Lost,180102040802,Grizzly Butte,0.85,1.0,14,18.0,2.0,176,176,176,176,176,176,176,176,176,176,176,176,176,176,176,176,176,176,176,176,176,176,176,176,176,176,176,176,176,176,36,36,36,36,36,36,36,36,36.0,142.0
ORx_158749,20.80603336,575265,18010204,Lost,180102040802,Grizzly Butte,0.75,2.0,14,18.0,1.0,36,36,36,36,36,36,36,36,36,36,36,36,36,36,36,36,36,36,36,36,36,36,36,36,37,43,36,37,37,36,37,36,36,36,36,36,36,36,36.0,176.0
ORx_158750,22.08832398,575265,18010204,Lost,180102040802,Grizzly Butte,0.85,1.0,14,18.0,3.0,37,37,37,37,37,37,37,37,37,37,37,37,37,37,37,37,37,37,37,37,37,37,37,37,37,37,36,37,37,37,37,37,37,37,37,37,37,37,36.0,176.0
ORx_158751,15.69783758,575264,18010204,Lost,180102040802,Grizzly Butte,0.5,3.0,14,18.0,2.0,176,176,176,176,176,176,176,176,176,176,176,176,176,176,176,176,176,176,176,176,176,176,176,176,176,176,152,176,37,37,37,37,37,37,152,152,176,176,176.0,176.0
ORx_158752,48.18437616,575264,18010204,Lost,180102040802,Grizzly Butte,0.75,2.0,14,18.0,1.0,37,37,37,37,37,37,37,37,37,37,37,37,37,37,37,37,37,37,37,37,37,37,37,37,37,37,37,37,37,37,37,37,37,36,36,36,21,47,36.0,176.0
ORx_158753,26.12605038,575264,18010204,Lost,180102040802,Grizzly Butte,0.85,1.0,14,18.0,1.0,37,37,37,37,37,37,37,37,37,37,37,37,37,37,37,37,37,37,37,37,37,37,37,37,37,37,37,37,37,37,37,37,37,37,37,37,176,176,176.0,152.0
ORx_158754,8.66177802,575264,18010204,Lost,180102040802,Grizzly Butte,0.85,1.0,14,18.0,1.0,37,37,37,37,37,37,37,37,37,37,37,37,37,37,37,37,37,37,37,37,37,37,37,37,37,176,36,152,37,37,37,37,37,21,21,21,24,47,36.0,36.0
ORx_158755,111.2905028,575264,18010204,Lost,180102040802,Grizzly Butte,0.85,1.0,14,18.0,1.0,37,37,37,37,37,37,37,37,37,37,37,37,37,37,37,37,37,37,37,37,37,37,36,36,36,37,37,37,37,37,37,37,21,21,37,21,21,47,36.0,176.0
ORx_158756,17.9455053,575265,18010204,Lost,180102040802,Grizzly Butte,0.85,1.0,14,18.0,1.0,36,36,36,36,36,36,36,36,36,36,36,36,36,36,36,36,36,36,36,36,36,36,61,61,176,176,176,176,37,37,36,36,36,36,36,36,36,36,36.0,21.0
ORx_158757,121.9579723,575265,18010204,Lost,180102040802,Grizzly Butte,0.85,1.0,14,18.0,1.0,36,36,36,36,36,36,36,36,36,36,36,36,36,36,36,36,36,36,36,36,36,36,176,176,36,37,37,37,36,36,36,36,36,36,36,36,36,36,36.0,176.0
ORx_158758,13.95965246,573879,18010204,Lost,180102040802,Grizzly Butte,0.85,1.0,14,18.0,1.0,176,176,176,176,176,176,176,176,176,176,176,176,176,176,176,176,176,176,176,176,176,176,61,61,176,87,176,176,176,176,37,37,176,21,176,176,24,47,36.0,152.0
ORx_158759,121.86885,573879,18010204,Lost,180102040802,Grizzly Butte,0.85,1.0,14,18.0,1.0,37,37,37,37,37,37,37,37,37,37,37,37,37,37,37,37,37,37,37,37,37,37,47,28,36,36,36,37,37,37,37,37,37,21,36,36,24,47,23.0,176.0
ORx_158760,126.6734931,573878,18010204,Lost,180102040802,Grizzly Butte,0.85,1.0,14,18.0,1.0,37,37,37,37,37,37,37,37,37,37,37,37,37,37,37,37,37,37,37,37,37,37,37,37,36,37,37,37,37,36,36,37,21,21,36,36,24,47,36.0,176.0
ORx_158761,71.74808039,575264,18010204,Lost,180102040802,Grizzly Butte,0.85,1.0,14,18.0,3.0,36,36,36,36,36,36,36,36,36,36,36,36,36,36,36,36,36,36,36,36,36,36,36,36,36,36,36,37,36,37,36,36,36,36,36,36,36,36,37.0,36.0
ORx_158762,113.0813753,573878,18010204,Lost,180102040803,Brookside Creek-Frontal Swan Lake,0.85,1.0,14,18.0,1.0,37,37,37,37,37,37,37,37,37,37,37,37,37,37,37,37,37,37,37,37,37,37,37,37,37,176,37,36,37,37,37,37,37,37,37,37,36,36,37.0,176.0
ORx_158763,138.0982664,573878,18010204,Lost,180102040803,Brookside Creek-Frontal Swan Lake,0.85,1.0,14,18.0,1.0,36,36,36,36,36,36,36,36,36,36,36,36,36,36,36,36,36,36,36,36,36,36,36,36,36,36,36,37,37,37,36,36,36,36,36,36,36,36,37.0,36.0
ORx_158764,17.79437253,573878,18010204,Lost,180102040803,Brookside Creek-Frontal Swan Lake,0.85,1.0,14,18.0,1.0,36,36,36,36,36,36,36,36,36,36,36,36,36,36,36,36,36,36,36,36,36,36,176,176,176,61,36,176,37,37,36,36,36,36,23,21,24,47,36.0,176.0
ORx_158765,209.5081995,573878,18010204,Lost,180102040803,Brookside Creek-Frontal Swan Lake,0.85,1.0,14,18.0,1.0,37,37,37,37,37,37,37,37,37,37,37,37,37,37,37,37,37,37,37,37,37,37,37,37,37,37,37,37,37,37,37,37,24,21,23,21,24,47,36.0,49.0
ORx_158766,207.5254237,573879,18010204,Lost,180102040803,Brookside Creek-Frontal Swan Lake,0.5,3.0,14,18.0,1.0,176,176,176,176,176,176,176,176,176,176,176,176,176,176,176,176,176,176,176,176,176,176,176,176,176,87,176,176,176,176,176,176,176,176,176,176,176,176,176.0,176.0
ORx_158767,133.5447748,573878,18010204,Lost,180102040803,Brookside Creek-Frontal Swan Lake,0.85,1.0,14,18.0,1.0,37,37,37,37,37,37,37,37,37,37,37,37,37,37,37,37,37,37,37,37,37,37,37,37,37,37,37,36,37,37,37,36,37,61,36,36,36,36,37.0,142.0
ORx_158768,142.3016643,573878,18010204,Lost,180102040803,Brookside Creek-Frontal Swan Lake,0.85,1.0,14,18.0,1.0,37,37,37,37,37,37,37,37,37,37,37,37,37,37,37,37,37,37,37,37,37,37,37,37,37,37,36,37,37,37,37,37,37,21,36,36,36,36,36.0,176.0
ORx_158769,82.63623679,573878,18010204,Lost,180102040803,Brookside Creek-Frontal Swan Lake,0.85,1.0,14,18.0,1.0,36,36,36,36,36,36,36,36,36,36,36,36,36,36,36,36,36,36,36,36,36,36,36,36,36,36,36,36,23,24,36,36,36,36,36,36,36,36,37.0,36.0
ORx_158770,99.64605054,573878,18010204,Lost,180102040803,Brookside Creek-Frontal Swan Lake,0.5,3.0,14,18.0,0.0,176,176,176,176,176,176,176,176,176,176,176,176,176,176,176,176,176,176,176,176,176,176,176,176,176,176,176,176,176,176,152,152,176,152,152,152,152,152,152.0,152.0
ORx_158771,108.6807317,573879,18010204,Lost,180102040803,Brookside Creek-Frontal Swan Lake,0.5,3.0,14,18.0,1.0,176,176,176,176,176,176,176,176,176,176,176,176,176,176,176,176,176,176,176,176,176,176,176,176,176,87,176,176,176,176,176,176,176,176,176,176,176,176,176.0,176.0
ORx_158772,118.4815919,573879,18010204,Lost,180102040803,Brookside Creek-Frontal Swan Lake,0.5,3.0,14,18.0,1.0,176,176,176,176,176,176,176,176,176,176,176,176,176,176,176,176,176,176,176,176,176,176,176,176,176,87,176,176,176,176,176,176,176,176,176,176,176,176,176.0,176.0
ORx_158773,312.8008896,573879,18010204,Lost,180102040802,Grizzly Butte,0.5,3.0,14,18.0,1.0,176,176,176,176,176,176,176,176,176,176,176,176,176,176,176,176,176,176,176,176,176,176,176,176,176,87,176,176,176,176,176,176,176,176,176,176,176,176,176.0,176.0
ORx_158774,20.9040928,575265,18010204,Lost,180102040802,Grizzly Butte,0.85,1.0,14,18.0,1.0,36,36,36,36,36,36,36,36,36,36,36,36,36,36,36,36,36,36,36,36,36,36,37,37,36,36,37,37,37,37,36,36,36,36,36,36,36,36,205.0,176.0
ORx_158775,20.24131945,575265,18010204,Lost,180102040802,Grizzly Butte,0.85,1.0,14,18.0,1.0,36,36,36,36,36,36,36,36,36,36,36,36,36,36,36,36,36,36,36,36,36,36,37,37,37,36,37,37,37,37,36,36,36,36,36,36,36,36,205.0,176.0
ORx_158776,23.48249837,575265,18010204,Lost,180102040802,Grizzly Butte,0.85,1.0,14,18.0,1.0,37,37,37,37,37,37,37,37,37,37,37,37,37,37,37,37,37,37,37,37,37,37,37,37,36,37,37,37,37,37,36,36,37,37,36,36,36,36,36.0,176.0
ORx_158777,28.25755357,575265,18010204,Lost,180102040802,Grizzly Butte,0.85,1.0,14,18.0,1.0,37,37,37,37,37,37,37,37,37,37,37,37,37,37,37,37,37,37,37,37,37,37,37,37,37,37,37,37,37,37,37,37,37,21,37,36,24,47,36.0,176.0
ORx_158778,186.6550035,575265,18010204,Lost,180102040804,Swan Lake,0.85,1.0,14,18.0,1.0,37,37,37,37,37,37,37,37,37,37,37,37,37,37,37,37,37,37,37,37,37,37,37,37,37,37,37,37,37,37,37,37,37,21,21,21,24,47,36.0,176.0
ORx_158779,11.27662496,575266,18010204,Lost,180102040804,Swan Lake,0.85,1.0,14,18.0,1.0,37,37,37,37,37,37,37,37,37,37,37,37,37,37,37,37,37,37,37,37,37,37,37,37,37,37,37,37,37,37,37,37,37,21,37,21,24,47,36.0,176.0
ORx_158780,41.20803051,575264,18010204,Lost,180102040801,Whiteline Reservoir,0.85,1.0,14,18.0,3.0,36,36,36,36,36,36,36,36,36,36,36,36,36,36,36,36,36,36,36,36,36,36,36,36,36,36,36,37,36,37,36,36,36,36,36,36,36,36,36.0,36.0
ORx_158781,74.5559106,573878,18010204,Lost,180102040803,Brookside Creek-Frontal Swan Lake,0.75,2.0,14,18.0,1.0,36,36,36,36,36,36,36,36,36,36,36,36,36,36,36,36,36,36,36,36,36,36,36,36,36,36,36,36,21,24,36,36,36,36,36,36,36,36,37.0,36.0
ORx_158782,6.572143003,575264,18010204,Lost,180102040801,Whiteline Reservoir,0.75,2.0,14,18.0,1.0,142,142,142,142,142,142,142,142,142,142,142,142,142,142,142,142,142,142,142,142,142,142,142,142,142,142,142,142,142,142,142,152,111,142,152,152,190,190,142.0,152.0
ORx_158783,13.93583562,573878,18010204,Lost,180102040803,Brookside Creek-Frontal Swan Lake,0.85,1.0,14,18.0,1.0,36,36,36,36,36,36,36,36,36,36,36,36,36,36,36,36,36,36,36,36,36,36,36,36,36,36,36,36,23,37,36,36,36,36,36,36,36,36,36.0,176.0
ORx_158784,60.34100619,575265,18010204,Lost,180102040804,Swan Lake,0.5,3.0,14,18.0,1.0,176,176,176,176,176,176,176,176,176,176,176,176,176,176,176,176,176,176,176,176,176,176,176,176,176,176,176,176,37,37,37,37,37,37,37,37,176,176,176.0,176.0
ORx_158785,493.8841156,573880,18010204,Lost,180102040804,Swan Lake,0.5,3.0,14,18.0,1.0,176,176,176,176,176,176,176,176,176,176,176,176,176,176,176,176,176,176,176,176,176,176,176,176,176,87,176,176,176,176,176,176,176,176,176,176,195,195,176.0,176.0
ORx_158786,192.4116137,573880,18010204,Lost,180102040804,Swan Lake,0.5,3.0,14,18.0,1.0,176,176,176,176,176,176,176,176,176,176,176,176,176,176,176,176,176,176,176,176,176,176,176,176,176,87,176,176,176,176,176,176,176,176,176,176,195,195,195.0,176.0
ORx_158787,228.9412545,573880,18010204,Lost,180102040804,Swan Lake,0.5,3.0,14,18.0,1.0,176,176,176,176,176,176,176,176,176,176,176,176,176,176,176,176,176,176,176,176,176,176,176,176,131,87,176,176,176,176,176,176,176,176,176,176,111,111,111.0,195.0
ORx_158788,85.00858889,573879,18010204,Lost,180102040802,Grizzly Butte,0.5,3.0,14,18.0,1.0,176,176,176,176,176,176,176,176,176,176,176,176,176,176,176,176,176,176,176,176,176,176,176,176,176,87,176,176,176,176,176,176,176,176,176,176,176,176,176.0,152.0
ORx_158789,36.60260395,573879,18010204,Lost,180102040802,Grizzly Butte,0.5,3.0,14,18.0,1.0,176,176,176,176,176,176,176,176,176,176,176,176,176,176,176,176,176,176,176,176,176,176,176,176,176,87,176,176,176,176,176,176,176,176,176,176,176,176,176.0,152.0
ORx_158790,388.5708365,573879,18010204,Lost,180102040803,Brookside Creek-Frontal Swan Lake,0.5,3.0,14,18.0,2.0,176,176,176,176,176,176,176,176,176,176,176,176,176,176,176,176,176,176,176,176,176,176,176,176,176,87,176,176,176,176,176,176,176,176,176,176,176,176,176.0,176.0
ORx_158791,183.028958,573879,18010204,Lost,180102040803,Brookside Creek-Frontal Swan Lake,0.5,3.0,14,18.0,1.0,176,176,176,176,176,176,176,176,176,176,176,176,176,176,176,176,176,176,176,176,176,176,176,176,176,87,176,176,176,176,176,176,176,176,176,176,176,176,176.0,176.0
ORx_158792,5.942844519,573879,18010204,Lost,180102040802,Grizzly Butte,0.85,1.0,14,18.0,0.0,176,176,176,176,176,176,176,176,176,176,176,176,176,176,176,176,176,176,176,176,176,176,61,61,37,87,176,176,176,37,37,37,37,21,176,176,176,176,176.0,176.0
ORx_158793,19.96391508,573879,18010204,Lost,180102040802,Grizzly Butte,0.85,1.0,14,18.0,1.0,37,37,37,37,37,37,37,37,37,37,37,37,37,37,37,37,37,37,37,37,37,37,176,176,176,37,37,176,37,37,37,37,37,21,176,176,24,47,176.0,176.0
ORx_158794,19.15684415,573878,18010204,Lost,180102040803,Brookside Creek-Frontal Swan Lake,0.85,1.0,14,18.0,1.0,176,176,176,176,176,176,176,176,176,176,176,176,176,176,176,176,176,176,176,176,176,176,176,176,176,176,176,176,37,37,37,36,176,37,152,36,36,36,36.0,152.0
ORx_158795,117.7178977,573878,18010204,Lost,180102040803,Brookside Creek-Frontal Swan Lake,0.85,1.0,14,18.0,1.0,37,37,37,37,37,37,37,37,37,37,37,37,37,37,37,37,37,37,37,37,37,37,37,37,37,37,37,37,37,37,37,37,37,21,28,21,24,47,23.0,49.0
ORx_158796,12.5990995,573879,18010204,Lost,180102040803,Brookside Creek-Frontal Swan Lake,0.85,1.0,14,18.0,1.0,37,37,37,37,37,37,37,37,37,37,37,37,37,37,37,37,37,37,37,37,37,37,176,176,37,87,37,176,37,37,37,37,37,37,37,37,176,176,176.0,176.0
ORx_158797,87.30767131,573879,18010204,Lost,180102040803,Brookside Creek-Frontal Swan Lake,0.5,3.0,14,18.0,1.0,176,176,176,176,176,176,176,176,176,176,176,176,176,176,176,176,176,176,176,176,176,176,176,176,176,176,176,176,176,176,176,176,176,176,176,176,176,176,176.0,176.0
ORx_158798,76.99620004,573879,18010204,Lost,180102040803,Brookside Creek-Frontal Swan Lake,0.5,3.0,14,18.0,0.0,176,176,176,176,176,176,176,176,176,176,176,176,176,176,176,176,176,176,176,176,176,176,176,176,176,176,176,176,176,176,176,176,176,176,176,176,176,176,176.0,176.0
ORx_158799,193.0260404,573878,18010204,Lost,180102040803,Brookside Creek-Frontal Swan Lake,0.65,4.0,14,18.0,1.0,37,37,37,37,37,37,37,37,37,37,37,37,37,37,37,37,37,37,37,37,37,37,176,176,176,205,176,37,37,37,37,37,37,37,37,37,176,176,37.0,37.0
ORx_158800,395.1616747,573878,18010204,Lost,180102040803,Brookside Creek-Frontal Swan Lake,0.65,4.0,14,18.0,1.0,37,37,37,37,37,37,37,37,37,37,37,37,37,37,37,37,37,37,37,37,37,37,37,37,37,176,37,37,37,37,37,37,37,37,37,176,176,176,176.0,176.0
ORx_158801,83.43222059,572492,18010204,Lost,180102040803,Brookside Creek-Frontal Swan Lake,0.65,4.0,14,18.0,1.0,37,37,37,37,37,37,37,37,37,37,37,37,37,37,37,37,37,37,37,37,37,37,37,37,176,176,37,37,37,37,37,37,37,37,37,37,37,37,37.0,176.0
ORx_158802,116.1253655,572493,18010204,Lost,180102040803,Brookside Creek-Frontal Swan Lake,0.65,4.0,14,18.0,1.0,37,37,37,37,37,37,37,37,37,37,37,37,37,37,37,37,37,37,37,37,37,37,37,37,37,37,37,176,176,176,37,37,37,37,37,37,37,37,37.0,176.0
ORx_158803,117.8125101,572492,18010204,Lost,180102040803,Brookside Creek-Frontal Swan Lake,0.85,1.0,14,18.0,1.0,37,37,37,37,37,37,37,37,37,37,37,37,37,37,37,37,37,37,37,37,37,37,37,37,36,36,37,37,37,37,37,37,37,37,37,37,37,37,176.0,176.0
ORx_158804,114.256156,572493,18010204,Lost,180102040803,Brookside Creek-Frontal Swan Lake,0.85,1.0,14,18.0,1.0,37,37,37,37,37,37,37,37,37,37,37,37,37,37,37,37,37,37,37,37,37,37,37,37,36,21,37,37,37,37,37,37,37,37,37,37,37,37,37.0,36.0
ORx_158805,102.8564349,572493,18010204,Lost,180102040803,Brookside Creek-Frontal Swan Lake,0.85,1.0,14,18.0,1.0,37,37,37,37,37,37,37,37,37,37,37,37,37,37,37,37,37,37,37,37,37,37,37,37,36,37,37,37,37,37,37,37,37,37,37,37,176,176,176.0,36.0
ORx_158806,48.0928239,572493,18010204,Lost,180102040803,Brookside Creek-Frontal Swan Lake,0.85,1.0,14,18.0,1.0,37,37,37,37,37,37,37,37,37,37,37,37,37,37,37,37,37,37,37,37,37,37,37,37,176,21,37,37,37,37,37,37,37,37,37,37,37,37,37.0,36.0
ORx_158807,11.56817348,572492,18010204,Lost,180102040803,Brookside Creek-Frontal Swan Lake,0.85,1.0,14,18.0,1.0,37,37,37,37,37,37,37,37,37,37,37,37,37,37,37,37,37,37,37,37,37,37,37,37,152,43,36,37,37,37,37,37,37,37,37,37,176,176,37.0,36.0
ORx_158808,7.191308442,572493,18010204,Lost,180102040803,Brookside Creek-Frontal Swan Lake,0.85,1.0,14,18.0,1.0,37,37,37,37,37,37,37,37,37,37,37,37,37,37,37,37,37,37,37,37,37,37,36,36,36,36,36,37,37,37,37,37,37,37,37,37,176,176,37.0,36.0
ORx_158809,85.72630861,572493,18010204,Lost,180102040803,Brookside Creek-Frontal Swan Lake,0.85,1.0,14,18.0,1.0,37,37,37,37,37,37,37,37,37,37,37,37,37,37,37,37,37,37,37,37,37,37,37,37,37,37,37,37,37,37,37,37,37,37,37,37,37,37,37.0,36.0
ORx_158810,259.6357085,572493,18010204,Lost,180102040803,Brookside Creek-Frontal Swan Lake,0.65,4.0,14,18.0,1.0,37,37,37,37,37,37,37,37,37,37,37,37,37,37,37,37,37,37,37,37,37,37,37,37,37,37,37,37,37,37,37,37,37,37,37,37,176,176,176.0,176.0
ORx_158811,125.2817422,572493,18010204,Lost,180102040803,Brookside Creek-Frontal Swan Lake,0.85,1.0,14,18.0,1.0,37,37,37,37,37,37,37,37,37,37,37,37,37,37,37,37,37,37,37,37,37,37,36,36,36,37,36,36,37,37,37,37,37,37,37,176,176,176,176.0,176.0
ORx_158812,125.2003095,572493,18010204,Lost,180102040804,Swan Lake,0.85,1.0,14,18.0,1.0,37,37,37,37,37,37,37,37,37,37,37,37,37,37,37,37,37,37,37,37,37,37,36,36,36,37,36,36,37,37,37,37,37,37,37,176,176,176,176.0,176.0
ORx_158813,126.7795038,572493,18010204,Lost,180102040803,Brookside Creek-Frontal Swan Lake,0.85,1.0,14,18.0,1.0,36,36,36,36,36,36,36,36,36,36,36,36,36,36,36,36,36,36,36,36,36,36,36,36,37,36,36,37,37,37,36,36,36,36,37,36,36,36,36.0,36.0
ORx_158814,127.2635544,572493,18010204,Lost,180102040803,Brookside Creek-Frontal Swan Lake,0.85,1.0,14,18.0,1.0,37,37,37,37,37,37,37,37,37,37,37,37,37,37,37,37,37,37,37,37,37,37,37,37,176,176,176,37,37,176,37,37,37,37,37,37,37,37,37.0,176.0
ORx_158815,100.8785912,572493,18010204,Lost,180102040803,Brookside Creek-Frontal Swan Lake,0.85,1.0,14,18.0,1.0,37,37,37,37,37,37,37,37,37,37,37,37,37,37,37,37,37,37,37,37,37,37,36,36,36,37,176,37,37,37,37,37,37,37,37,176,176,176,36.0,36.0
ORx_158816,120.1748243,572493,18010204,Lost,180102040804,Swan Lake,0.85,1.0,14,18.0,1.0,37,37,37,37,37,37,37,37,37,37,37,37,37,37,37,37,37,37,37,37,37,37,36,36,37,21,37,21,37,37,37,37,37,61,36,36,36,36,36.0,36.0
ORx_158817,126.8520561,572493,18010204,Lost,180102040804,Swan Lake,0.85,1.0,14,18.0,1.0,36,36,36,36,36,36,36,36,36,36,36,36,36,36,36,36,36,36,36,36,36,36,36,36,37,176,176,36,37,37,37,37,37,61,36,36,36,36,36.0,36.0
ORx_158818,74.00957057,572493,18010204,Lost,180102040804,Swan Lake,0.85,1.0,14,18.0,1.0,36,36,36,36,36,36,36,36,36,36,36,36,36,36,36,36,36,36,36,36,36,36,36,36,36,61,176,37,37,37,37,37,37,61,36,36,36,36,36.0,176.0
ORx_158819,44.70989767,572493,18010204,Lost,180102040803,Brookside Creek-Frontal Swan Lake,0.65,4.0,14,18.0,1.0,37,37,37,37,37,37,37,37,37,37,37,37,37,37,37,37,37,37,37,37,37,37,37,37,37,37,176,37,37,37,37,37,37,37,37,37,176,176,176.0,176.0
ORx_158820,69.48905852,572493,18010204,Lost,180102040803,Brookside Creek-Frontal Swan Lake,0.75,2.0,14,18.0,1.0,37,37,37,37,37,37,37,37,37,37,37,37,37,37,37,37,37,37,37,37,37,37,37,37,37,176,37,36,37,37,37,37,37,37,37,37,176,176,176.0,176.0
ORx_158821,89.88301422,572493,18010204,Lost,180102040803,Brookside Creek-Frontal Swan Lake,0.75,2.0,14,18.0,1.0,36,36,36,36,36,36,36,36,36,36,36,36,36,36,36,36,36,36,36,36,36,36,37,37,28,21,37,36,37,36,36,36,36,36,36,36,36,36,36.0,176.0
ORx_158822,181.7940412,572492,18010204,Lost,180102040803,Brookside Creek-Frontal Swan Lake,0.75,2.0,14,18.0,1.0,36,36,36,36,36,36,36,36,36,36,36,36,36,36,36,36,36,36,36,36,36,36,36,36,36,36,36,36,36,37,21,37,36,36,36,36,36,36,36.0,176.0
ORx_158823,95.24491129,572493,18010204,Lost,180102040803,Brookside Creek-Frontal Swan Lake,0.85,1.0,14,18.0,1.0,37,37,37,37,37,37,37,37,37,37,37,37,37,37,37,37,37,37,37,37,37,37,37,37,36,36,37,37,37,37,37,37,37,37,37,37,176,176,37.0,176.0
ORx_158824,30.3963308,572494,18010204,Lost,180102040804,Swan Lake,0.65,4.0,14,18.0,1.0,37,37,37,37,37,37,37,37,37,37,37,37,37,37,37,37,37,37,37,37,37,37,37,37,37,37,37,37,37,37,37,37,37,37,37,37,37,37,37.0,37.0
ORx_158825,27.60686177,572494,18010204,Lost,180102040804,Swan Lake,0.65,4.0,14,18.0,1.0,37,37,37,37,37,37,37,37,37,37,37,37,37,37,37,37,37,37,37,37,37,37,37,37,37,37,37,37,37,37,37,37,37,37,37,37,37,37,37.0,37.0
ORx_158826,68.35332445,572494,18010204,Lost,180102040804,Swan Lake,0.75,2.0,14,18.0,1.0,36,36,36,36,36,36,36,36,36,36,36,36,36,36,36,36,36,36,36,36,36,36,36,36,36,36,36,36,36,36,36,36,36,36,36,37,37,37,37.0,37.0
ORx_158827,11.38663009,572494,18010204,Lost,180102040804,Swan Lake,0.85,1.0,14,18.0,1.0,37,37,37,37,37,37,37,37,37,37,37,37,37,37,37,37,37,37,37,37,37,37,37,37,37,176,37,37,37,37,37,37,37,37,37,37,37,37,37.0,37.0
ORx_158828,71.88704385,572494,18010204,Lost,180102040804,Swan Lake,0.85,1.0,14,18.0,1.0,37,37,37,37,37,37,37,37,37,37,37,37,37,37,37,37,37,37,37,37,37,37,37,37,37,37,37,36,37,37,37,37,37,37,37,37,37,37,37.0,176.0
ORx_158829,95.42961141,572495,18010204,Lost,180102040804,Swan Lake,0.85,1.0,14,18.0,1.0,36,36,36,36,36,36,36,36,36,36,36,36,36,36,36,36,36,36,36,36,36,36,36,36,36,36,43,24,36,36,36,36,36,36,36,36,36,36,24.0,176.0
ORx_158830,9.131569979,572495,18010204,Lost,180102040804,Swan Lake,0.5,3.0,14,18.0,1.0,121,121,121,121,121,121,121,121,121,121,121,121,121,121,121,121,121,121,121,121,121,121,121,121,121,121,121,121,121,121,121,121,121,121,152,152,152,152,36.0,176.0
ORx_158831,13.87764634,572495,18010204,Lost,180102040804,Swan Lake,0.85,1.0,14,18.0,1.0,36,36,36,36,36,36,36,36,36,36,36,36,36,36,36,36,36,36,36,36,36,36,36,36,36,36,43,24,36,36,36,36,36,36,36,36,36,36,61.0,176.0
ORx_158832,13.53927599,572494,18010204,Lost,180102040804,Swan Lake,0.65,4.0,14,18.0,1.0,37,37,37,37,37,37,37,37,37,37,37,37,37,37,37,37,37,37,37,37,37,37,37,37,37,176,37,37,37,37,37,37,37,37,37,37,37,37,37.0,176.0
ORx_158833,5.754658854,572495,18010204,Lost,180102040804,Swan Lake,0.85,1.0,14,18.0,1.0,37,37,37,37,37,37,37,37,37,37,37,37,37,37,37,37,37,37,37,37,37,37,36,36,36,36,37,37,37,37,37,37,37,37,37,37,176,176,37.0,37.0
ORx_158834,19.82437436,572494,18010204,Lost,180102040804,Swan Lake,0.65,4.0,14,18.0,1.0,37,37,37,37,37,37,37,37,37,37,37,37,37,37,37,37,37,37,37,37,37,37,37,37,37,176,37,176,37,37,37,37,37,37,37,37,176,176,176.0,176.0
ORx_158835,73.25271749,573880,18010204,Lost,180102040804,Swan Lake,0.85,1.0,14,18.0,1.0,37,37,37,37,37,37,37,37,37,37,37,37,37,37,37,37,37,37,37,37,37,37,37,37,36,36,37,36,37,37,37,37,37,37,37,37,176,176,36.0,176.0
ORx_158836,65.38454313,573880,18010204,Lost,180102040804,Swan Lake,0.85,1.0,14,18.0,1.0,36,36,36,36,36,36,36,36,36,36,36,36,36,36,36,36,36,36,36,36,36,36,36,36,36,36,37,37,37,37,37,36,37,36,36,37,36,36,37.0,176.0
ORx_158837,85.65750231,573881,18010204,Lost,180102040804,Swan Lake,0.85,1.0,14,18.0,1.0,37,37,37,37,37,37,37,37,37,37,37,37,37,37,37,37,37,37,37,37,37,37,36,36,36,36,37,37,37,37,37,37,37,37,37,37,36,36,36.0,36.0
ORx_158838,22.56037503,573881,18010204,Lost,180102040804,Swan Lake,0.85,1.0,14,18.0,1.0,36,36,36,36,36,36,36,36,36,36,36,36,36,36,36,36,36,36,36,36,36,36,36,36,36,36,36,36,36,24,36,36,36,36,36,36,36,36,36.0,36.0
ORx_158839,2.08154309,573881,18010204,Lost,180102040804,Swan Lake,0.85,1.0,14,18.0,0.0,121,121,121,121,121,121,121,121,121,121,121,121,121,121,121,121,121,121,121,121,121,121,121,121,121,121,121,121,121,121,121,36,36,36,36,36,36,36,36.0,176.0
ORx_158840,11.7120085,572495,18010204,Lost,180102040804,Swan Lake,0.85,1.0,14,18.0,1.0,36,36,36,36,36,36,36,36,36,36,36,36,36,36,36,36,36,36,36,36,36,36,36,36,36,36,36,36,36,36,36,36,36,36,36,36,36,36,36.0,36.0
ORx_158841,178.6827759,572495,18010204,Lost,180102040804,Swan Lake,0.85,1.0,14,18.0,1.0,36,36,36,36,36,36,36,36,36,36,36,36,36,36,36,36,36,36,36,36,36,36,36,36,36,36,36,37,37,37,37,36,36,36,36,36,36,36,36.0,36.0
ORx_158842,21.17206315,572495,18010204,Lost,180102040804,Swan Lake,0.85,1.0,14,18.0,1.0,36,36,36,36,36,36,36,36,36,36,36,36,36,36,36,36,36,36,36,36,36,36,36,36,36,36,36,36,24,36,36,36,36,36,36,36,36,36,36.0,36.0
ORx_158843,7.566123472,572495,18010204,Lost,180102040804,Swan Lake,0.85,1.0,14,18.0,1.0,36,36,36,36,36,36,36,36,36,36,36,36,36,36,36,36,36,36,36,36,36,36,36,36,36,36,43,37,36,36,36,36,36,36,36,37,37,37,36.0,36.0
ORx_158844,23.15755917,572495,18010204,Lost,180102040804,Swan Lake,0.85,1.0,14,18.0,1.0,36,36,36,36,36,36,36,36,36,36,36,36,36,36,36,36,36,36,36,36,36,36,36,36,36,36,43,205,36,36,36,36,36,36,36,37,37,37,36.0,36.0
ORx_158845,12.00866178,572495,18010204,Lost,180102040804,Swan Lake,0.85,1.0,14,18.0,0.0,36,36,36,36,36,36,36,36,36,36,36,36,36,36,36,36,36,36,36,36,36,36,152,152,152,36,36,36,36,142,36,36,36,36,36,36,36,36,36.0,36.0
ORx_158846,10.37257717,572495,18010204,Lost,180102040804,Swan Lake,0.85,1.0,14,18.0,0.0,36,36,36,36,36,36,36,36,36,36,36,36,36,36,36,36,36,36,36,36,36,36,195,195,36,36,36,36,36,36,36,36,36,36,36,36,36,36,36.0,36.0
ORx_158847,62.1819537,572495,18010204,Lost,180102040804,Swan Lake,0.85,1.0,14,18.0,0.0,36,36,36,36,36,36,36,36,36,36,36,36,36,36,36,36,36,36,36,36,36,36,195,195,36,36,36,36,36,36,36,36,36,36,36,36,36,36,36.0,36.0
ORx_158848,17.13485958,572495,18010204,Lost,180102040804,Swan Lake,0.85,1.0,14,18.0,1.0,36,36,36,36,36,36,36,36,36,36,36,36,36,36,36,36,36,36,36,36,36,36,36,36,36,36,36,36,36,36,36,205,36,37,36,37,37,37,37.0,37.0
ORx_158849,3.4589007,572495,18010204,Lost,180102040804,Swan Lake,0.85,1.0,14,18.0,0.0,36,36,36,36,36,36,36,36,36,36,36,36,36,36,36,36,36,36,36,36,36,36,152,152,36,36,36,36,36,28,36,36,36,36,36,36,36,36,36.0,36.0
ORx_158850,2.782196448,572495,18010204,Lost,180102040804,Swan Lake,0.85,1.0,14,18.0,0.0,36,36,36,36,36,36,36,36,36,36,36,36,36,36,36,36,36,36,36,36,36,36,152,152,36,36,36,36,36,36,36,36,36,36,36,36,36,36,36.0,36.0
ORx_158851,10.49400174,572495,18010204,Lost,180102040804,Swan Lake,0.85,1.0,14,18.0,1.0,36,36,36,36,36,36,36,36,36,36,36,36,36,36,36,36,36,36,36,36,36,36,36,36,36,36,36,36,24,36,36,36,36,36,36,36,36,36,36.0,176.0
ORx_158852,99.58080522,572495,18010204,Lost,180102040804,Swan Lake,0.65,4.0,14,18.0,1.0,37,37,37,37,37,37,37,37,37,37,37,37,37,37,37,37,37,37,37,37,37,37,37,37,37,36,37,37,37,37,37,37,37,37,37,37,37,37,37.0,176.0
ORx_158853,33.45493187,573880,18010204,Lost,180102040804,Swan Lake,0.85,1.0,14,18.0,1.0,37,37,37,37,37,37,37,37,37,37,37,37,37,37,37,37,37,37,37,37,37,37,37,37,37,36,37,176,37,37,37,37,37,37,37,37,176,176,37.0,176.0
ORx_158854,45.23103713,572494,18010204,Lost,180102040804,Swan Lake,0.65,4.0,14,18.0,1.0,37,37,37,37,37,37,37,37,37,37,37,37,37,37,37,37,37,37,37,37,37,37,176,176,176,61,176,61,61,61,37,36,37,37,37,37,37,37,37.0,176.0
ORx_158855,39.65482625,571108,18010204,Lost,180102040804,Swan Lake,0.75,2.0,14,18.0,1.0,36,36,36,36,36,36,36,36,36,36,36,36,36,36,36,36,36,36,36,36,36,36,36,36,36,36,43,24,37,36,36,36,43,27,36,36,36,36,36.0,36.0
ORx_158856,67.98141539,571108,18010204,Lost,180102040804,Swan Lake,0.75,2.0,14,18.0,1.0,36,36,36,36,36,36,36,36,36,36,36,36,36,36,36,36,36,36,36,36,36,36,36,36,36,36,36,36,36,37,24,36,36,36,36,36,36,36,36.0,36.0
ORx_158857,150.4265008,571108,18010204,Lost,180102040804,Swan Lake,0.85,1.0,14,18.0,1.0,36,36,36,36,36,36,36,36,36,36,36,36,36,36,36,36,36,36,36,36,36,36,36,36,36,43,23,36,36,36,36,36,36,36,21,36,36,36,36.0,36.0
ORx_158858,14.99711221,571108,18010204,Lost,180102040804,Swan Lake,0.85,1.0,14,18.0,1.0,36,36,36,36,36,36,36,36,36,36,36,36,36,36,36,36,36,36,36,36,36,36,36,36,36,43,23,36,36,36,36,36,36,36,36,36,36,36,36.0,176.0
ORx_158859,126.7831893,571108,18010204,Lost,180102040804,Swan Lake,0.85,1.0,14,18.0,1.0,36,36,36,36,36,36,36,36,36,36,36,36,36,36,36,36,36,36,36,36,36,36,36,36,36,36,36,36,36,36,36,24,36,36,36,36,36,36,36.0,176.0
ORx_158860,28.71764204,572494,18010204,Lost,180102040804,Swan Lake,0.5,3.0,14,18.0,1.0,36,36,36,36,36,36,36,36,36,36,36,36,36,36,36,36,36,36,36,36,36,36,36,36,36,36,36,36,36,36,36,24,36,36,36,36,36,36,36.0,152.0
ORx_158861,38.5793299,572494,18010204,Lost,180102040804,Swan Lake,0.65,4.0,14,18.0,1.0,37,37,37,37,37,37,37,37,37,37,37,37,37,37,37,37,37,37,37,37,37,37,37,37,37,37,37,37,37,37,37,37,37,37,37,37,37,37,37.0,176.0
ORx_158862,134.395731,572494,18010204,Lost,180102040804,Swan Lake,0.65,4.0,14,18.0,1.0,36,36,36,36,36,36,36,36,36,36,36,36,36,36,36,36,36,36,36,36,36,36,36,36,23,21,23,21,27,37,36,37,36,36,36,37,37,37,37.0,176.0
ORx_158863,34.80970352,572494,18010204,Lost,180102040804,Swan Lake,0.65,4.0,14,18.0,1.0,37,37,37,37,37,37,37,37,37,37,37,37,37,37,37,37,37,37,37,37,37,37,36,36,36,36,36,36,28,37,37,37,37,37,37,37,37,37,37.0,36.0
ORx_158864,70.47182354,571108,18010204,Lost,180102040804,Swan Lake,0.85,1.0,14,18.0,1.0,36,36,36,36,36,36,36,36,36,36,36,36,36,36,36,36,36,36,36,36,36,36,47,28,21,21,23,24,21,37,36,36,36,36,36,36,36,36,36.0,21.0
ORx_158865,19.80741424,571108,18010204,Lost,180102040804,Swan Lake,0.85,1.0,14,18.0,1.0,36,36,36,36,36,36,36,36,36,36,36,36,36,36,36,36,36,36,36,36,36,36,47,43,28,21,23,21,24,37,36,21,21,61,36,36,36,36,36.0,176.0
ORx_158866,92.6233071,571108,18010204,Lost,180102040804,Swan Lake,0.75,2.0,14,18.0,1.0,36,36,36,36,36,36,36,36,36,36,36,36,36,36,36,36,36,36,36,36,36,36,36,36,36,36,36,36,36,36,36,36,36,36,36,36,36,36,36.0,36.0
ORx_158867,64.61965992,571108,18010204,Lost,180102040804,Swan Lake,0.75,2.0,14,18.0,1.0,36,36,36,36,36,36,36,36,36,36,36,36,36,36,36,36,36,36,36,36,36,36,47,43,23,43,24,36,36,36,36,36,36,36,43,24,36,36,36.0,36.0
ORx_158874,58.77717779,571109,18010204,Lost,180102040804,Swan Lake,0.85,1.0,14,18.0,1.0,36,36,36,36,36,36,36,36,36,36,36,36,36,36,36,36,36,36,36,36,36,36,36,36,36,43,36,37,36,36,36,36,36,36,36,36,36,36,37.0,176.0
ORx_158875,4.676014057,571109,18010204,Lost,180102040804,Swan Lake,0.85,1.0,14,18.0,1.0,36,36,36,36,36,36,36,36,36,36,36,36,36,36,36,36,36,36,36,36,36,36,36,36,36,43,36,36,36,36,36,36,36,36,36,36,36,36,37.0,37.0
ORx_158876,94.46386775,571109,18010204,Lost,180102040804,Swan Lake,0.85,1.0,14,18.0,1.0,36,36,36,36,36,36,36,36,36,36,36,36,36,36,36,36,36,36,36,36,36,36,36,36,36,36,36,36,36,36,36,36,36,36,36,36,36,36,36.0,176.0
ORx_158877,11.04534349,571109,18010204,Lost,180102040804,Swan Lake,0.85,1.0,14,18.0,1.0,36,36,36,36,36,36,36,36,36,36,36,36,36,36,36,36,36,36,36,36,36,36,36,36,36,43,36,36,36,36,36,24,36,36,36,36,36,36,36.0,36.0
ORx_158880,5.753018115,571109,18010204,Lost,180102040804,Swan Lake,0.85,1.0,14,18.0,1.0,36,36,36,36,36,36,36,36,36,36,36,36,36,36,36,36,36,36,36,36,36,36,36,36,36,36,36,36,36,36,36,24,36,36,36,36,36,36,36.0,176.0
ORx_158881,63.70791641,572495,18010204,Lost,180102040804,Swan Lake,0.85,1.0,14,18.0,1.0,36,36,36,36,36,36,36,36,36,36,36,36,36,36,36,36,36,36,36,36,36,36,36,36,36,36,36,36,36,24,36,36,36,36,36,36,36,36,36.0,36.0
ORx_158882,22.99504049,572495,18010204,Lost,180102040804,Swan Lake,0.75,2.0,14,18.0,1.0,36,36,36,36,36,36,36,36,36,36,36,36,36,36,36,36,36,36,36,36,36,36,36,36,36,36,36,36,36,142,36,36,36,36,36,36,36,36,36.0,36.0
ORx_158883,4.890166913,572495,18010204,Lost,180102040804,Swan Lake,0.75,2.0,14,18.0,1.0,36,36,36,36,36,36,36,36,36,36,36,36,36,36,36,36,36,36,36,36,36,36,36,36,36,36,36,36,36,36,36,36,36,36,36,36,36,36,36.0,36.0
ORx_158884,48.84902245,571109,18010204,Lost,180102040804,Swan Lake,0.75,2.0,14,18.0,1.0,36,36,36,36,36,36,36,36,36,36,36,36,36,36,36,36,36,36,36,36,36,36,36,36,36,36,36,36,36,36,43,36,36,36,21,24,36,36,43.0,176.0
ORx_158885,28.63289234,572495,18010204,Lost,180102040804,Swan Lake,0.75,2.0,14,18.0,1.0,36,36,36,36,36,36,36,36,36,36,36,36,36,36,36,36,36,36,36,36,36,36,36,36,36,176,37,36,36,36,36,36,36,36,36,36,36,36,36.0,176.0
ORx_158886,10.4548335,571109,18010204,Lost,180102040804,Swan Lake,0.75,2.0,14,18.0,1.0,37,37,37,37,37,37,37,37,37,37,37,37,37,37,37,37,37,37,37,37,37,37,36,36,36,152,36,176,37,37,37,37,37,37,37,37,176,176,176.0,176.0
ORx_158899,52.45069919,573878,18010204,Lost,180102040803,Brookside Creek-Frontal Swan Lake,0.85,1.0,14,18.0,3.0,36,36,36,36,36,36,36,36,36,36,36,36,36,36,36,36,36,36,36,36,36,36,36,36,36,36,36,36,36,36,36,36,36,36,36,36,36,36,37.0,36.0
ORx_158900,8.951985507,575264,18010204,Lost,180102040801,Whiteline Reservoir,0.5,3.0,14,18.0,1.0,152,152,152,152,152,152,152,152,152,152,152,152,152,152,152,152,152,152,152,152,152,152,152,152,152,176,37,152,152,152,152,152,152,152,152,152,152,152,152.0,152.0
ORx_158901,2.426601617,575264,18010204,Lost,180102040801,Whiteline Reservoir,0.5,3.0,14,18.0,2.0,37,37,37,37,37,37,37,37,37,37,37,37,37,37,37,37,37,37,37,37,37,37,37,37,37,176,176,37,37,37,37,37,37,37,37,37,176,176,176.0,176.0
ORx_158902,3.797046976,575265,18010204,Lost,180102040802,Grizzly Butte,0.85,1.0,14,18.0,3.0,37,37,37,37,37,37,37,37,37,37,37,37,37,37,37,37,37,37,37,37,37,37,37,37,37,176,36,37,37,37,37,36,37,36,37,37,176,176,36.0,176.0
ORx_158903,5.252419816,575265,18010204,Lost,180102040802,Grizzly Butte,0.85,1.0,14,18.0,3.0,37,37,37,37,37,37,37,37,37,37,37,37,37,37,37,37,37,37,37,37,37,37,37,37,37,37,36,37,37,36,37,36,37,36,37,37,37,37,36.0,176.0
ORx_158904,1.3676725,575265,18010204,Lost,180102040802,Grizzly Butte,0.85,1.0,14,18.0,1.0,37,37,37,37,37,37,37,37,37,37,37,37,37,37,37,37,37,37,37,37,37,37,36,36,36,37,37,37,37,37,37,37,37,37,37,37,21,47,37.0,176.0
ORx_158905,0.7154535,575265,18010204,Lost,180102040802,Grizzly Butte,0.85,1.0,14,18.0,1.0,36,36,36,36,36,36,36,36,36,36,36,36,36,36,36,36,36,36,36,36,36,36,176,176,176,176,176,37,37,37,36,36,36,36,36,36,36,36,176.0,176.0
ORx_158906,0.82088063,573879,18010204,Lost,180102040802,Grizzly Butte,0.85,1.0,14,18.0,1.0,37,37,37,37,37,37,37,37,37,37,37,37,37,37,37,37,37,37,37,37,37,37,61,61,176,37,37,176,37,37,37,37,37,21,176,176,24,47,176.0,176.0
ORx_158907,3.099745458,575265,18010204,Lost,180102040802,Grizzly Butte,0.85,1.0,14,18.0,1.0,37,37,37,37,37,37,37,37,37,37,37,37,37,37,37,37,37,37,37,37,37,37,37,37,37,37,37,37,37,37,37,37,37,37,37,36,36,36,176.0,176.0
ORx_158908,20.4085009,573878,18010204,Lost,180102040803,Brookside Creek-Frontal Swan Lake,0.5,3.0,14,18.0,1.0,176,176,176,176,176,176,176,176,176,176,176,176,176,176,176,176,176,176,176,176,176,176,176,176,176,87,176,152,176,176,176,176,152,176,176,176,176,176,176.0,152.0
ORx_158909,5.547570569,573879,18010204,Lost,180102040803,Brookside Creek-Frontal Swan Lake,0.5,3.0,14,18.0,1.0,176,176,176,176,176,176,176,176,176,176,176,176,176,176,176,176,176,176,176,176,176,176,176,176,176,87,176,152,152,195,152,152,195,176,152,195,195,195,152.0,176.0
ORx_158910,2.803589756,572493,18010204,Lost,180102040803,Brookside Creek-Frontal Swan Lake,0.85,1.0,14,18.0,1.0,121,121,121,121,121,121,121,121,121,121,121,121,121,121,121,121,121,121,121,121,121,121,36,36,36,121,36,37,121,37,121,121,121,121,37,37,176,176,176.0,176.0
ORx_158911,28.18369366,572493,18010204,Lost,180102040803,Brookside Creek-Frontal Swan Lake,0.65,4.0,14,18.0,1.0,37,37,37,37,37,37,37,37,37,37,37,37,37,37,37,37,37,37,37,37,37,37,37,37,37,37,37,37,37,37,37,37,37,37,37,176,176,176,176.0,176.0
ORx_158912,35.33977928,572493,18010204,Lost,180102040803,Brookside Creek-Frontal Swan Lake,0.85,1.0,14,18.0,1.0,37,37,37,37,37,37,37,37,37,37,37,37,37,37,37,37,37,37,37,37,37,37,37,37,37,37,176,37,37,37,37,37,37,37,37,37,176,176,37.0,176.0
ORx_158913,59.34187119,572493,18010204,Lost,180102040803,Brookside Creek-Frontal Swan Lake,0.85,1.0,14,18.0,1.0,37,37,37,37,37,37,37,37,37,37,37,37,37,37,37,37,37,37,37,37,37,37,36,36,176,176,176,37,37,37,37,37,37,37,37,176,176,176,176.0,176.0
ORx_158914,7.21995105,572493,18010204,Lost,180102040804,Swan Lake,0.85,1.0,14,18.0,1.0,176,176,176,176,176,176,176,176,176,176,176,176,176,176,176,176,176,176,176,176,176,176,36,36,176,61,176,176,176,37,176,176,176,176,36,36,36,36,36.0,176.0
ORx_158915,27.84176464,572494,18010204,Lost,180102040804,Swan Lake,0.65,4.0,14,18.0,1.0,37,37,37,37,37,37,37,37,37,37,37,37,37,37,37,37,37,37,37,37,37,37,37,37,37,37,37,37,37,37,37,37,37,37,37,37,37,37,37.0,176.0
ORx_158916,26.80594511,572494,18010204,Lost,180102040804,Swan Lake,0.65,4.0,14,18.0,1.0,37,37,37,37,37,37,37,37,37,37,37,37,37,37,37,37,37,37,37,37,37,37,37,37,37,37,37,37,37,37,37,37,37,37,37,37,37,37,37.0,176.0
ORx_158917,5.727460798,572494,18010204,Lost,180102040804,Swan Lake,0.65,4.0,14,18.0,1.0,37,37,37,37,37,37,37,37,37,37,37,37,37,37,37,37,37,37,37,37,37,37,37,37,37,37,37,37,37,37,37,37,37,37,37,37,37,37,37.0,176.0
ORx_158918,12.61718663,572494,18010204,Lost,180102040804,Swan Lake,0.65,4.0,14,18.0,1.0,37,37,37,37,37,37,37,37,37,37,37,37,37,37,37,37,37,37,37,37,37,37,37,37,37,37,37,37,37,37,37,37,37,37,37,37,37,37,37.0,37.0
ORx_158919,6.123210833,572494,18010204,Lost,180102040804,Swan Lake,0.65,4.0,14,18.0,1.0,37,37,37,37,37,37,37,37,37,37,37,37,37,37,37,37,37,37,37,37,37,37,36,36,37,37,37,37,37,37,37,37,37,37,37,37,37,37,37.0,37.0
ORx_158920,70.96855137,572494,18010204,Lost,180102040804,Swan Lake,0.85,1.0,14,18.0,1.0,37,37,37,37,37,37,37,37,37,37,37,37,37,37,37,37,37,37,37,37,37,37,47,28,28,21,23,24,23,176,43,37,37,37,37,37,37,37,37.0,36.0
ORx_158921,8.896727359,571108,18010204,Lost,180102040804,Swan Lake,0.5,3.0,14,18.0,1.0,176,176,176,176,176,176,176,176,176,176,176,176,176,176,176,176,176,176,176,176,176,176,176,176,176,176,176,176,37,37,37,37,37,37,152,152,176,176,176.0,176.0
ORx_158922,95.75557026,572495,18010204,Lost,180102040804,Swan Lake,0.85,1.0,14,18.0,1.0,37,37,37,37,37,37,37,37,37,37,37,37,37,37,37,37,37,37,37,37,37,37,36,36,37,37,37,37,37,37,37,37,37,37,37,37,176,176,37.0,37.0
ORx_158923,3.754988679,573880,18010204,Lost,180102040804,Swan Lake,0.85,1.0,14,18.0,1.0,37,37,37,37,37,37,37,37,37,37,37,37,37,37,37,37,37,37,37,37,37,37,37,37,37,37,37,37,37,37,37,37,37,37,37,37,176,176,176.0,176.0
ORx_158924,2.570917353,573881,18010204,Lost,180102040804,Swan Lake,0.85,1.0,14,18.0,1.0,36,36,36,36,36,36,36,36,36,36,36,36,36,36,36,36,36,36,36,36,36,36,36,36,36,36,36,36,36,37,36,36,36,36,36,36,36,36,36.0,36.0
ORx_158925,1.244763545,573881,18010204,Lost,180102040804,Swan Lake,0.85,1.0,14,18.0,1.0,36,36,36,36,36,36,36,36,36,36,36,36,36,36,36,36,36,36,36,36,36,36,36,36,36,36,36,36,36,37,36,36,36,36,36,36,36,36,36.0,36.0
ORx_158926,2.300131067,572495,18010204,Lost,180102040804,Swan Lake,0.5,3.0,14,18.0,0.0,176,176,176,176,176,176,176,176,176,176,176,176,176,176,176,176,176,176,176,176,176,176,176,176,176,36,176,176,176,176,152,176,176,152,152,152,152,152,152.0,152.0
ORx_158927,3.041120621,572495,18010204,Lost,180102040804,Swan Lake,0.85,1.0,14,18.0,1.0,36,36,36,36,36,36,36,36,36,36,36,36,36,36,36,36,36,36,36,36,36,36,176,176,36,36,36,176,36,36,36,36,36,36,36,37,37,37,36.0,176.0
ORx_158928,0.74737677,572495,18010204,Lost,180102040804,Swan Lake,0.75,2.0,14,18.0,0.0,152,152,152,152,152,152,152,152,152,152,152,152,152,152,152,152,152,152,152,152,152,152,152,152,152,152,152,152,176,152,152,152,152,152,152,37,36,36,36.0,176.0
ORx_158929,861.6763066,572492,18010204,Lost,180102040803,Brookside Creek-Frontal Swan Lake,0.5,3.0,14,18.0,2.0,176,176,176,176,176,176,176,176,176,176,176,176,176,176,176,176,176,176,176,176,176,176,176,176,176,176,176,176,176,176,176,176,176,176,176,176,176,176,176.0,176.0
ORx_158930,246.4572894,573878,18010204,Lost,180102040803,Brookside Creek-Frontal Swan Lake,0.5,3.0,14,18.0,3.0,176,176,176,176,176,176,176,176,176,176,176,176,176,176,176,176,176,176,176,176,176,176,176,176,176,176,176,152,37,176,37,37,37,37,176,176,176,176,176.0,176.0
ORx_158931,214.5676085,573878,18010204,Lost,180102040803,Brookside Creek-Frontal Swan Lake,0.5,3.0,14,18.0,1.0,176,176,176,176,176,176,176,176,176,176,176,176,176,176,176,176,176,176,176,176,176,176,176,176,176,176,176,176,176,37,176,176,176,176,176,176,176,176,176.0,176.0
ORx_158932,9.628895505,573878,18010204,Lost,180102040803,Brookside Creek-Frontal Swan Lake,0.5,3.0,14,18.0,1.0,176,176,176,176,176,176,176,176,176,176,176,176,176,176,176,176,176,176,176,176,176,176,61,61,176,176,176,176,176,176,176,176,176,176,176,176,176,176,176.0,152.0
ORx_158933,7.271558475,573878,18010204,Lost,180102040803,Brookside Creek-Frontal Swan Lake,0.5,3.0,14,18.0,0.0,176,176,176,176,176,176,176,176,176,176,176,176,176,176,176,176,176,176,176,176,176,176,176,176,176,176,176,152,37,37,37,37,37,152,152,152,36,36,152.0,152.0
ORx_158934,9.659584157,573878,18010204,Lost,180102040802,Grizzly Butte,0.5,3.0,14,18.0,1.0,37,37,37,37,37,37,37,37,37,37,37,37,37,37,37,37,37,37,37,37,37,37,37,37,37,37,37,37,37,37,37,37,37,37,37,37,176,176,176.0,152.0
ORx_158935,7.611029303,573879,18010204,Lost,180102040802,Grizzly Butte,0.5,3.0,14,18.0,1.0,176,176,176,176,176,176,176,176,176,176,176,176,176,176,176,176,176,176,176,176,176,176,176,176,176,87,176,176,176,176,176,176,152,176,176,176,176,176,176.0,176.0
ORx_158936,13.03310165,573878,18010204,Lost,180102040803,Brookside Creek-Frontal Swan Lake,0.5,3.0,14,18.0,1.0,37,37,37,37,37,37,37,37,37,37,37,37,37,37,37,37,37,37,37,37,37,37,36,36,36,37,37,152,37,37,37,37,37,37,37,37,24,47,61.0,176.0
ORx_158937,15.31649761,575264,18010204,Lost,180102040802,Grizzly Butte,0.5,3.0,14,18.0,1.0,37,37,37,37,37,37,37,37,37,37,37,37,37,37,37,37,37,37,37,37,37,37,176,176,37,176,176,37,37,37,37,37,37,37,37,152,152,152,152.0,152.0
ORx_158938,4.128807885,575264,18010204,Lost,180102040802,Grizzly Butte,0.5,3.0,14,18.0,1.0,37,37,37,37,37,37,37,37,37,37,37,37,37,37,37,37,37,37,37,37,37,37,37,37,37,37,36,37,37,37,37,37,37,37,37,37,37,37,176.0,176.0
ORx_158939,4.947879799,575264,18010204,Lost,180102040802,Grizzly Butte,0.5,3.0,14,18.0,2.0,176,176,176,176,176,176,176,176,176,176,176,176,176,176,176,176,176,176,176,176,176,176,37,37,37,176,176,37,176,176,36,36,36,36,36,36,176,176,36.0,176.0
ORx_158940,10.61821987,575264,18010204,Lost,180102040802,Grizzly Butte,0.5,3.0,14,18.0,0.0,176,176,176,176,176,176,176,176,176,176,176,176,176,176,176,176,176,176,176,176,176,176,176,176,176,176,176,176,37,152,37,176,152,176,195,152,36,36,176.0,176.0
ORx_158941,2.100811302,575264,18010204,Lost,180102040802,Grizzly Butte,0.5,3.0,14,18.0,1.0,37,37,37,37,37,37,37,37,37,37,37,37,37,37,37,37,37,37,37,37,37,37,37,37,37,37,36,37,37,37,37,37,37,37,37,36,21,47,36.0,176.0
ORx_158942,10.762786,575265,18010204,Lost,180102040802,Grizzly Butte,0.5,3.0,14,18.0,3.0,37,37,37,37,37,37,37,37,37,37,37,37,37,37,37,37,37,37,37,37,37,37,37,37,37,176,36,37,37,37,37,37,37,37,37,36,37,37,36.0,176.0
ORx_158947,201.3030381,573880,18010204,Lost,180102040804,Swan Lake,0.5,3.0,14,18.0,1.0,176,176,176,176,176,176,176,176,176,176,176,176,176,176,176,176,176,176,176,176,176,176,176,176,176,87,176,176,176,176,176,176,176,176,176,176,195,195,176.0,176.0
