id,type,prop_siteid,prop_title,prop_state,latitude,longitude,geometry_type,geometry_coordinates_raw,prop_description,prop_elevation,prop_elevationUnits,prop_install,prop_program,prop_responsibility,prop_type,prop_url,Nearest_City_1,Distance_City_1_mi,Nearest_City_2,Distance_City_2_mi,county_name,county_state,county_fips
2,Feature,abpo,"Awbrey Park, Oregon Agrimet All-In-One Sensor",OR,44.0680907,-121.3255932,Point,"[-121.3255932, 44.0680907]","Awbrey Park, Oregon Agrimet All-In-One Sensor",1157.0,,2026-01-13,agrimet,pnro,agrimet,abpoda.html,"Bend, OR",2.33,"Redmond, OR",15.94,Deschutes,OR,41017
3,Feature,abro,"Awbrey Park, Oregon AgriMet Weather Station",OR,44.0680907,-121.3255932,Point,"[-121.3255932, 44.0680907]","Awbrey Park, Oregon AgriMet Weather Station",1157.0,,2026-01-13,agrimet,pnro,agrimet,abroda.html,"Bend, OR",2.33,"Redmond, OR",15.94,Deschutes,OR,41017
6,Feature,agko,"Agency Lake Ranch, Oregon AgriMet Weather Station",OR,42.565482,-121.979792,Point,"[-121.979792, 42.565482]","Agency Lake Ranch, Oregon AgriMet Weather Station",1264.92,m,5/3/2000,agrimet,pnro,agrimet,agkoda.html,"Fort Klamath, OR",9.7,"Chiloquin, OR",11.98,Klamath,OR,41035
8,Feature,amto,"Amity, Oregon Weather Station",OR,45.0863382,-123.243972,Point,"[-123.243972, 45.0863382]","Amity, Oregon Weather Station",165.0,,2/22/2024,agrimet,pnro,agrimet,amtoda.html,"Amity, OR",3.96,"Rickreall, OR",4.94,Yamhill,OR,41071
10,Feature,arao,"Aurora, Oregon AgriMet Weather Station",OR,45.282012,-122.751443,Point,"[-122.751443, 45.282012]","Aurora, Oregon AgriMet Weather Station",42.67,m,10/22/1998,agrimet,pnro,agrimet,araoda.html,"Wilsonville, OR",1.46,"Canby, OR",3.94,Clackamas,OR,41005
11,Feature,asho,"Ashland, Oregon AgriMet Weather Station",OR,42.2171062,-122.7097626,Point,"[-122.7097626, 42.2171062]","Ashland, Oregon AgriMet Weather Station",1833.0,,3/13/2024,agrimet,pnro,agrimet,ashoda.html,"Ashland, OR",2.16,"Talent, OR",4.11,Jackson,OR,41029
12,Feature,asto,"Astoria, Oregon Weather Station",OR,46.13138,-123.85901,Point,"[-123.85901, 46.13138]","Astoria, Oregon Weather Station",161.0,,2/20/2024,agrimet,pnro,agrimet,astoda.html,"Warrenton, OR",3.33,"Astoria, OR",3.38,Clatsop,OR,41007
13,Feature,bano,"Bandon, Oregon AgriMet Weather Station",OR,43.090788,-124.41722,Point,"[-124.41722, 43.090788]","Bandon, Oregon AgriMet Weather Station",24.38,m,5/15/1985,agrimet,pnro,agrimet,banoda.html,"Bandon, OR",0.8,"Langlois, OR",12.24,Coos,OR,41011
14,Feature,bato,"Beatty, Oregon AgriMet Weather Station",OR,42.47805,-121.27388,Point,"[-121.27388, 42.47805]","Beatty, Oregon AgriMet Weather Station",1316.74,m,10/19/2004,agrimet,pnro,agrimet,batoda.html,"Beatty, OR",3.96,"Sprague River, OR",11.74,Klamath,OR,41035
15,Feature,bewo,"Bend, Oregon AgriMet Weather Station",OR,44.04755,-121.320127,Point,"[-121.320127, 44.04755]","Bend, Oregon AgriMet Weather Station",1103.38,m,5/1/2003,agrimet,pnro,agrimet,bewoda.html,"Bend, OR",3.4,"Redmond, OR",17.14,Deschutes,OR,41017
17,Feature,bfgi,Boise Fairgrounds Weather Station,ID,43.65303,-116.27417,Point,"[-116.27417, 43.65303]",Boise Fairgrounds Weather Station,800.0,m,8/15/2013,agrimet,pnro,agrimet,bfgida.html,"Garden City, ID",0.81,"Boise, ID",3.9,Ada,ID,16001
19,Feature,bkvo,"Baker Valley, Oregon Agrimet Weather Station",OR,44.88277,-117.96277,Point,"[-117.96277, 44.88277]","Baker Valley, Oregon Agrimet Weather Station",1042.42,m,5/10/2001,agrimet,pnro,agrimet,bkvoda.html,"Haines, OR",0.72,"Baker City, OR",9.68,Baker,OR,41001
23,Feature,bndw,"Bonneville Dam AgriMet, Washington AgriMet Weather Station",WA,45.647538,-121.931072,Point,"[-121.931072, 45.647538]","Bonneville Dam AgriMet, Washington AgriMet Weather Station",24.38,m,4/13/2002,agrimet,pnro,agrimet,bndwda.html,"North Bonneville, WA",2.24,"Cascade Locks, OR",2.88,Skamania,WA,53059
24,Feature,boii,"Boise, Idaho AgriMet Weather Station",ID,43.600388,-116.176871,Point,"[-116.176871, 43.600388]","Boise, Idaho AgriMet Weather Station",829.06,m,7/26/1995,agrimet,pnro,agrimet,boiida.html,"Boise, ID",1.57,"Boise, ID",2.22,Ada,ID,16001
27,Feature,brdo,"Boardman, Oregon AgriMet Weather Station",OR,45.7513245,-119.9230798,Point,"[-119.9230798, 45.7513245]","Boardman, Oregon AgriMet Weather Station",587.0,,4/4/2024,agrimet,pnro,agrimet,brdoda.html,"Boardman, OR",11.1,"Mikkalo, OR",13.6,Morrow,OR,41049
31,Feature,brko,"Brookings, Oregon AgriMet Weather Station",OR,42.0300059,-124.240385,Point,"[-124.240385, 42.0300059]","Brookings, Oregon AgriMet Weather Station",24.38,m,9/28/1999,agrimet,pnro,agrimet,brkoda.html,"Brookings, OR",2.75,"Smith River, CA",7.54,Curry,OR,41015
35,Feature,CATO,"Catlow Valley, OR AgriMet Weather Station",OR,42.663611,-119.108301,Point,"[-119.108301, 42.663611]","Catlow Valley, OR AgriMet Weather Station",4553.0,,12/28/2023,agrimet,pnro,agrimet,CATOda.html,"Frenchglen, OR",14.99,"Diamond, OR",32.97,Harney,OR,41025
37,Feature,cbro,"Coburg, Oregon Weather Station",OR,44.1518527,-123.0606243,Point,"[-123.0606243, 44.1518527]","Coburg, Oregon Weather Station",116.0,,2/23/2024,agrimet,pnro,agrimet,cbroda.html,"Eugene, OR",5.49,"Springfield, OR",6.68,Lane,OR,41039
39,Feature,cedc,"Cedarville, California AgriMet Weather Station",CA,41.585364,-120.171876,Point,"[-120.171876, 41.585364]","Cedarville, California AgriMet Weather Station",1402.08,m,4/24/1985,agrimet,pnro,agrimet,cedcda.html,"Lake City, CA",5.78,"Cedarville, CA",7.69,Modoc,CA,06049
42,Feature,chvo,"Christmas Valley, Oregon AgriMet Weather Station",OR,43.245127,-120.7275,Point,"[-120.7275, 43.245127]","Christmas Valley, Oregon AgriMet Weather Station",1312.16,m,4/22/1985,agrimet,pnro,agrimet,chvoda.html,"Silver Lake, OR",2.79,"Christmas Valley, OR",4.64,Lake,OR,41037
47,Feature,cndo,"Condon, Oregon AgriMet Weather Station",OR,45.2284331,-120.1766428,Point,"[-120.1766428, 45.2284331]","Condon, Oregon AgriMet Weather Station",2831.0,,4/4/2024,agrimet,pnro,agrimet,cndoda.html,"Condon, OR",0.66,"Fossil, OR",16.87,Gilliam,OR,41021
51,Feature,crvo,"Corvallis, Oregon AgriMet Weather Station",OR,44.63416,-123.19,Point,"[-123.19, 44.63416]","Corvallis, Oregon AgriMet Weather Station",70.1,m,2/27/1990,agrimet,pnro,agrimet,crvoda.html,"Albany, OR",4.72,"Corvallis, OR",5.05,Benton,OR,41003
56,Feature,cvjo,"Cave Junction, Oregon Weather Station",OR,42.1669576,-123.6307701,Point,"[-123.6307701, 42.1669576]","Cave Junction, Oregon Weather Station",1384.0,,3/13/2024,agrimet,pnro,agrimet,cvjoda.html,"Cave Junction, OR",2.24,"Kerby, OR",3.24,Josephine,OR,41033
57,Feature,defo,"Dee Flat, Oregon AgriMet Weather Station",OR,45.58638,-121.64055,Point,"[-121.64055, 45.58638]","Dee Flat, Oregon AgriMet Weather Station",350.52,m,10/20/1988,agrimet,pnro,agrimet,defoda.html,"Mount Hood Parkdale, OR",5.14,"Hood River, OR",7.64,Hood River,OR,41027
65,Feature,dtro,"Detroit Lake, Oregon AgriMet Weather Station",OR,44.73,-122.17916,Point,"[-122.17916, 44.73]","Detroit Lake, Oregon AgriMet Weather Station",510.54,m,9/26/2002,agrimet,pnro,agrimet,dtroda.html,"Detroit, OR",3.24,"Idanha, OR",6.76,Marion,OR,41047
68,Feature,dyto,"Dayton, Oregon Weather Station",OR,45.2081208,-123.0971765,Point,"[-123.0971765, 45.2081208]","Dayton, Oregon Weather Station",47.0,,2/21/2024,agrimet,pnro,agrimet,dytoda.html,"Dayton, OR",1.29,"Lafayette, OR",2.75,Yamhill,OR,41071
70,Feature,echo,"Echo, Oregon AgriMet Weather Station",OR,45.71861,-119.31111,Point,"[-119.31111, 45.71861]","Echo, Oregon AgriMet Weather Station",231.65,m,3/24/1988,agrimet,pnro,agrimet,echoda.html,"Echo, OR",5.83,"Stanfield, OR",6.69,Umatilla,OR,41059
72,Feature,egpo,"Eagle Point, Oregon Weather Station",OR,42.489188,-122.7525659,Point,"[-122.7525659, 42.489188]","Eagle Point, Oregon Weather Station",1492.0,,3/13/2024,agrimet,pnro,agrimet,egpoda.html,"Eagle Point, OR",2.87,"White City, OR",5.58,Jackson,OR,41029
75,Feature,eoro,"EOARC Burns, OR AgriMet Weather Station",OR,43.520722,-119.025236,Point,"[-119.025236, 43.520722]","EOARC Burns, OR AgriMet Weather Station",1262.0,,06/25/2019,agrimet,pnro,agrimet,eoroda.html,"Burns, OR",1.33,"Hines, OR",4.07,Harney,OR,41025
81,Feature,fldo,"Fields, Oregon AgriMet Weather Station",OR,42.1643788,-118.5402479,Point,"[-118.5402479, 42.1643788]","Fields, Oregon AgriMet Weather Station",4150.0,,3/19/2024,agrimet,pnro,agrimet,fldoda.html,"Fields, OR",9.74,"Denio, NV",33.45,Harney,OR,41025
83,Feature,fogo,"Forest Grove, Oregon AgriMet Weather Station",OR,45.55316,-123.083566,Point,"[-123.083566, 45.55316]","Forest Grove, Oregon AgriMet Weather Station",54.86,m,8/29/1991,agrimet,pnro,agrimet,fogoda.html,"Forest Grove, OR",2.08,"Cornelius, OR",2.63,Washington,OR,41067
86,Feature,fslo,"Fossil, Oregon AgriMet Weather Station",OR,45.01058,-120.23382,Point,"[-120.23382, 45.01058]","Fossil, Oregon AgriMet Weather Station",2549.0,,4/19/24,agrimet,pnro,agrimet,fsloda.html,"Fossil, OR",2.2,"Condon, OR",15.36,Wheeler,OR,41069
88,Feature,ftmo,"Fifteen Miile Creek near Dufur, Oregon AgriMet Weather Station",OR,45.45025,-121.136026,Point,"[-121.136026, 45.45025]","Fifteen Miile Creek near Dufur, Oregon AgriMet Weather Station",1329.0,,10/12/2022,agrimet,pnro,agrimet,ftmoda.html,"Dufur, OR",1.55,"The Dalles, OR",10.64,Wasco,OR,41065
90,Feature,gdvi,"Grand View, Idaho AgriMet Weather Station",ID,42.9125,-116.05611,Point,"[-116.05611, 42.9125]","Grand View, Idaho AgriMet Weather Station",786.38,m,2/10/1993,agrimet,pnro,agrimet,gdvida.html,"Grand View, ID",7.23,"Mountain Home A F B, ID",13.22,Owyhee,ID,16073
93,Feature,gfri,"Glenns Ferry, Idaho AgriMet Weather Station",ID,42.851671,-115.355226,Point,"[-115.355226, 42.851671]","Glenns Ferry, Idaho AgriMet Weather Station",922.02,m,4/13/1993,agrimet,pnro,agrimet,gfrida.html,"King Hill, ID",7.3,"Glenns Ferry, ID",7.92,Elmore,ID,16039
95,Feature,golw,"Goldendale, Washington AgriMet Weather Station",WA,45.81194,-120.82444,Point,"[-120.82444, 45.81194]","Goldendale, Washington AgriMet Weather Station",512.06,m,11/27/1991,agrimet,pnro,agrimet,golwda.html,"Goldendale, WA",1.49,"Centerville, WA",9.53,Klickitat,WA,53039
96,Feature,gpso,"Grants Pass, Oregon Weather Station",OR,42.4221653,-123.4562337,Point,"[-123.4562337, 42.4221653]","Grants Pass, Oregon Weather Station",879.0,,3/14/2024,agrimet,pnro,agrimet,gpsoda.html,"Wilderville, OR",3.58,"Grants Pass, OR",6.31,Josephine,OR,41033
102,Feature,haro,"Harper, Oregon AgriMet Weather Station",OR,43.873172,-117.596565,Point,"[-117.596565, 43.873172]","Harper, Oregon AgriMet Weather Station",2508.0,,12/29/2023,agrimet,pnro,agrimet,haroda.html,"Harper, OR",3.39,"Westfall, OR",9.41,Malheur,OR,41045
103,Feature,hcko,"Hills Creek Dam Weather Station, Oregon",OR,43.709722,-122.423611,Point,"[-122.423611, 43.709722]","Hills Creek Dam Weather Station, Oregon",439.0,m,9/25/2002,agrimet,pnro,agrimet,hckoda.html,"Oakridge, OR",3.26,"Westfir, OR",5.56,Lane,OR,41039
105,Feature,hero,"Hermiston, Oregon AgriMet Weather Station",OR,45.822872,-119.518478,Point,"[-119.518478, 45.822872]","Hermiston, Oregon AgriMet Weather Station",167.64,m,5/17/1983,agrimet,pnro,agrimet,heroda.html,"Irrigon, OR",4.51,"Boardman, OR",9.77,Morrow,OR,41049
106,Feature,hmpo,"Hampton, Oregon AgriMet Weather Station",OR,43.69826,-120.3147279,Point,"[-120.3147279, 43.69826]","Hampton, Oregon AgriMet Weather Station",4429.0,,4/18/24,agrimet,pnro,agrimet,hmpoda.html,"Brothers, OR",9.83,"Post, OR",26.42,Deschutes,OR,41017
108,Feature,hoxo,"Hood River, Oregon AgriMet Weather Station",OR,45.68444,-121.51805,Point,"[-121.51805, 45.68444]","Hood River, Oregon AgriMet Weather Station",155.45,m,5/19/1987,agrimet,pnro,agrimet,hoxoda.html,"Hood River, OR",1.38,"White Salmon, WA",5.23,Hood River,OR,41027
109,Feature,hrfo,"Hereford, Oregon AgriMet Weather Station",OR,44.487833,-118.02873,Point,"[-118.02873, 44.487833]","Hereford, Oregon AgriMet Weather Station",1097.28,m,4/28/1998,agrimet,pnro,agrimet,hrfoda.html,"Unity, OR",7.13,"Hereford, OR",10.78,Baker,OR,41001
110,Feature,hrhw,"Harrah, Washington AgriMet Weather Station",WA,46.383616,-120.572807,Point,"[-120.572807, 46.383616]","Harrah, Washington AgriMet Weather Station",259.08,m,5/27/1987,agrimet,pnro,agrimet,hrhwda.html,"Harrah, WA",1.84,"Brownstown, WA",2.14,Yakima,WA,53077
112,Feature,hrmo,"Hermiston R & E Center, Oregon AgriMet Weather Station",OR,45.818441,-119.284729,Point,"[-119.284729, 45.818441]","Hermiston R & E Center, Oregon AgriMet Weather Station",185.01,m,7/15/1993,agrimet,pnro,agrimet,hrmoda.html,"Hermiston, OR",1.83,"Stanfield, OR",4.18,Umatilla,OR,41059
114,Feature,huan,"DRI - Hualapai Flat, Nevada Weather Station",NV,40.901111,-119.333056,Point,"[-119.333056, 40.901111]","DRI - Hualapai Flat, Nevada Weather Station",1235.964,m,10/12/2012,agrimet,dri,agrimet,huanda.html,"Gerlach, NV",15.93,"Empire, NV",41.38,Washoe,NV,32031
120,Feature,imbo,"Imbler, Oregon AgriMet Weather Station",OR,45.431802,-117.972218,Point,"[-117.972218, 45.431802]","Imbler, Oregon AgriMet Weather Station",838.2,m,4/5/1994,agrimet,pnro,agrimet,imboda.html,"Imbler, OR",2.13,"Summerville, OR",5.88,Union,OR,41061
121,Feature,iyci,"Idaho Youth Challenge Academy - Pierce, ID AgriMet Weather Station",ID,46.497433,-115.797939,Point,"[-115.797939, 46.497433]","Idaho Youth Challenge Academy - Pierce, ID AgriMet Weather Station",980.0,,4/20/2019,agrimet,pnro,agrimet,iycida.html,"Pierce, ID",0.56,"Weippe, ID",10.49,Clearwater,ID,16035
123,Feature,jnvo,"Jordan Valley, Oregon AgriMet Weather Station",OR,42.973633,-117.120347,Point,"[-117.120347, 42.973633]","Jordan Valley, Oregon AgriMet Weather Station",4350.0,,12/27/2023,agrimet,pnro,agrimet,jnvoda.html,"Jordan Valley, OR",10.38,"Murphy, ID",30.57,Malheur,OR,41045
125,Feature,kflo,"Klamath Falls, Oregon AgriMet Weather Station",OR,42.16297,-121.753612,Point,"[-121.753612, 42.16297]","Klamath Falls, Oregon AgriMet Weather Station",1249.68,m,3/30/1999,agrimet,pnro,agrimet,kfloda.html,"Midland, OR",4.02,"Klamath Falls, OR",4.93,Klamath,OR,41035
128,Feature,lako,"Lakeview, Oregon AgriMet Weather Station",OR,42.122475,-120.522926,Point,"[-120.522926, 42.122475]","Lakeview, Oregon AgriMet Weather Station",1453.9,m,4/19/1988,agrimet,pnro,agrimet,lakoda.html,"Lakeview, OR",8.61,"New Pine Creek, OR",13.62,Lake,OR,41037
130,Feature,lbno,"Lebanon, Oregon Weather Station",OR,44.5642853,-122.8938717,Point,"[-122.8938717, 44.5642853]","Lebanon, Oregon Weather Station",102.0,,2/23/2024,agrimet,,agrimet,lbnoda.html,"Lebanon, OR",2.34,"Crabtree, OR",4.92,Linn,OR,41043
131,Feature,lbrw,"Lake Bryan - Rice Bar, Washington AgriMet Weather Station",WA,46.6975,-117.65416,Point,"[-117.65416, 46.6975]","Lake Bryan - Rice Bar, Washington AgriMet Weather Station",192.02,m,4/19/2002,agrimet,pnro,agrimet,lbrwda.html,"Lacrosse, WA",7.53,"Hay, WA",12.5,Garfield,WA,53023
132,Feature,legw,"Legrow, Washington AgriMet Weather Station",WA,46.205005,-118.934075,Point,"[-118.934075, 46.205005]","Legrow, Washington AgriMet Weather Station",176.78,m,7/17/1986,agrimet,pnro,agrimet,legwda.html,"Burbank, WA",3.76,"Wallula, WA",8.36,Walla Walla,WA,53071
137,Feature,lidw,"Lind, Washington AgriMet Weather Station",WA,46.86722,-118.73944,Point,"[-118.73944, 46.86722]","Lind, Washington AgriMet Weather Station",449.58,m,5/18/1983,agrimet,pnro,agrimet,lidwda.html,"Lind, WA",6.31,"Connell, WA",15.0,Adams,WA,53001
138,Feature,lkgo,"Lookingglass, Oregon Weather Station",OR,43.1664344,-123.4784377,Point,"[-123.4784377, 43.1664344]","Lookingglass, Oregon Weather Station",174.0,,3/14/2024,agrimet,pnro,agrimet,lkgoda.html,"Tenmile, OR",3.3,"Winston, OR",4.86,Douglas,OR,41019
139,Feature,lkpo,"Lookout Point Dam Weather Station, Oregon",OR,43.9166666,-122.7527777,Point,"[-122.7527777, 43.9166666]","Lookout Point Dam Weather Station, Oregon",930.0,m,4/19/2002,agrimet,pnro,agrimet,lkpoda.html,"Lowell, OR",1.42,"Fall Creek, OR",3.19,Lane,OR,41039
144,Feature,loro,"Lorella, Oregon AgriMet Weather Station",OR,42.078517,-121.225415,Point,"[-121.225415, 42.078517]","Lorella, Oregon AgriMet Weather Station",1267.97,m,3/31/2001,agrimet,pnro,agrimet,loroda.html,"Malin, OR",10.85,"Bonanza, OR",12.9,Klamath,OR,41035
149,Feature,mdeo,"Moody Farms East Satellite, Oregon Weather Station",OR,44.87789,-121.07621,Point,"[-121.07621, 44.87789]","Moody Farms East Satellite, Oregon Weather Station",399.0,ft,9/10/2013 12:00:00 AM,agrimet,pnro,agrimet,mdeoda.html,"Warm Springs, OR",13.9,"Antelope, OR",13.98,Wasco,OR,41065
150,Feature,mdfo,"Medford, Oregon AgriMet Weather Station",OR,42.33111,-122.93777,Point,"[-122.93777, 42.33111]","Medford, Oregon AgriMet Weather Station",408.43,m,5/23/1989,agrimet,pnro,agrimet,mdfoda.html,"Medford, OR",2.71,"Central Point, OR",4.16,Jackson,OR,41029
153,Feature,mdno,"Moody Farms North Satellite, Oregon Weather Station",OR,44.874772,-121.066783,Point,"[-121.066783, 44.874772]","Moody Farms North Satellite, Oregon Weather Station",402.0,ft,9/10/2013 12:00:00 AM,agrimet,pnro,agrimet,mdnoda.html,"Antelope, OR",13.54,"Warm Springs, OR",14.12,Wasco,OR,41065
154,Feature,mdso,"Moody Farms South Satellite, Oregon Weather Station",OR,44.864992,-121.06535,Point,"[-121.06535, 44.864992]","Moody Farms South Satellite, Oregon Weather Station",426.0,ft,9/10/2013 12:00:00 AM,agrimet,pnro,agrimet,mdsoda.html,"Antelope, OR",13.53,"Warm Springs, OR",13.76,Wasco,OR,41065
155,Feature,mdto,"Moody Farms West Satellite, Oregon Weather Station",OR,44.86941,-121.07948,Point,"[-121.07948, 44.86941]","Moody Farms West Satellite, Oregon Weather Station",384.0,ft,9/10/2013 12:00:00 AM,agrimet,pnro,agrimet,mdtoda.html,"Warm Springs, OR",13.4,"Antelope, OR",14.19,Wasco,OR,41065
156,Feature,mdxo,"Moody Farms Control Station, Oregon Weather Station",OR,44.869212,-121.067749,Point,"[-121.067749, 44.869212]","Moody Farms Control Station, Oregon Weather Station",391.0,m,9/9/2013,agrimet,pnro,agrimet,mdxoda.html,"Antelope, OR",13.62,"Warm Springs, OR",13.84,Wasco,OR,41065
157,Feature,mfro,"Milton-Freewater, Oregon AgriMet Weather Station",OR,45.94715,-118.35021,Point,"[-118.35021, 45.94715]","Milton-Freewater, Oregon AgriMet Weather Station",3336.0,,6/21/2022,agrimet,pnro,agrimet,mfroda.html,"Milton Freewater, OR",1.98,"College Place, WA",7.01,Umatilla,OR,41059
165,Feature,mrso,"Madras, Oregon AgriMet Weather Station",OR,44.679631,-121.150149,Point,"[-121.150149, 44.679631]","Madras, Oregon AgriMet Weather Station",743.71,m,5/1/1984,agrimet,pnro,agrimet,mrsoda.html,"Madras, OR",3.0,"Warm Springs, OR",8.34,Jefferson,OR,41031
170,Feature,mwso,"Middle Warm Springs, Oregon Weather Station",OR,44.85424,-121.1479,Point,"[-121.1479, 44.85424]","Middle Warm Springs, Oregon Weather Station",432.0,m,9/12/2013,agrimet,pnro,agrimet,mwsoda.html,"Warm Springs, OR",10.22,"Madras, OR",15.0,Wasco,OR,41065
172,Feature,nmpi,"Nampa, Idaho AgriMet Weather Station",ID,43.43722,-116.64527,Point,"[-116.64527, 43.43722]","Nampa, Idaho AgriMet Weather Station",823.57,m,3/11/1996,agrimet,pnro,agrimet,nmpida.html,"Melba, ID",6.32,"Nampa, ID",10.58,Canyon,ID,16027
173,Feature,nopo,"North Powder, Oregon AgriMet Weather Station",OR,45.03342,-117.94233,Point,"[-117.94233, 45.03342]","North Powder, Oregon AgriMet Weather Station",3323.0,,06/21/2022,agrimet,pnro,agrimet,nopoda.html,"North Powder, OR",0.44,"Haines, OR",10.9,Union,OR,41061
177,Feature,onto,"Ontario, Oregon AgriMet Weather Station",OR,43.979261,-117.025005,Point,"[-117.025005, 43.979261]","Ontario, Oregon AgriMet Weather Station",688.85,m,4/30/1992,agrimet,pnro,agrimet,ontoda.html,"Arock, OR",0.74,"Ontario, OR",4.9,Malheur,OR,41045
185,Feature,paro,"Parkdale, Oregon AgriMet Weather Station",OR,45.543545,-121.613407,Point,"[-121.613407, 45.543545]","Parkdale, Oregon AgriMet Weather Station",451.1,m,10/20/1989,agrimet,pnro,agrimet,paroda.html,"Mount Hood Parkdale, OR",1.94,"Hood River, OR",9.51,Hood River,OR,41027
187,Feature,pcyo,"Prairie City, Oregon AgriMet Weather Station",OR,44.441225,-118.628088,Point,"[-118.628088, 44.441225]","Prairie City, Oregon AgriMet Weather Station",1143.61,m,4/12/1989,agrimet,pnro,agrimet,pcyoda.html,"Prairie City, OR",3.49,"Bates, OR",12.07,Grant,OR,41023
191,Feature,pmai,"Parma, Idaho AgriMet Weather Station",ID,43.802227,-116.944218,Point,"[-116.944218, 43.802227]","Parma, Idaho AgriMet Weather Station",702.56,m,3/28/1986,agrimet,pnro,agrimet,pmaida.html,"Parma, ID",0.9,"Nyssa, OR",5.7,Canyon,ID,16027
192,Feature,pngo,"Pine Grove, Oregon AgriMet Weather Station",OR,45.658786,-121.509138,Point,"[-121.509138, 45.658786]","Pine Grove, Oregon AgriMet Weather Station",188.98,m,10/20/1989,agrimet,pnro,agrimet,pngoda.html,"Hood River, OR",1.68,"Odell, OR",4.15,Hood River,OR,41027
193,Feature,pnpo,"Pine Nursery Park, Oregon AgriMet Weather Station",OR,44.0923427,-121.268505,Point,"[-121.268505, 44.0923427]","Pine Nursery Park, Oregon AgriMet Weather Station",1056.0,,2026-01-07,agrimet,pnro,agrimet,pnpoda.html,"Bend, OR",1.25,"Redmond, OR",13.35,Deschutes,OR,41017
194,Feature,pobo,"Powell Butte, Oregon AgriMet Weather Station",OR,44.24833,-120.94972,Point,"[-120.94972, 44.24833]","Powell Butte, Oregon AgriMet Weather Station",3200.0,ft,9/21/1993,agrimet,pnro,agrimet,poboda.html,"Powell Butte, OR",3.08,"Prineville, OR",6.93,Crook,OR,41013
195,Feature,prno,"Prineville, Oregon AgriMet Weather Station",OR,44.36668,-120.917083,Point,"[-120.917083, 44.36668]","Prineville, Oregon AgriMet Weather Station",2927.0,,4/18/24,agrimet,pnro,agrimet,prnoda.html,"Prineville, OR",5.96,"Powell Butte, OR",9.84,Crook,OR,41013
197,Feature,pslo,"Paisley, Oregon AgriMet Weather Station",OR,42.612799,-120.4552113,Point,"[-120.4552113, 42.612799]","Paisley, Oregon AgriMet Weather Station",4330.0,,3/19/2024,agrimet,pnro,agrimet,psloda.html,"Paisley, OR",8.0,"Plush, OR",29.42,Lake,OR,41037
199,Feature,ptro,"Pilot Rock, Oregon AgriMet Weather Station",OR,45.5345085,-118.7788682,Point,"[-118.7788682, 45.5345085]","Pilot Rock, Oregon AgriMet Weather Station",1604.0,,4/4/2024,agrimet,pnro,agrimet,ptroda.html,"Pilot Rock, OR",8.43,"Pendleton, OR",8.7,Umatilla,OR,41059
200,Feature,pvan,"DRI - Paradise Valley, Nevada Weather Station",NV,41.185556,-117.660278,Point,"[-117.660278, 41.185556]","DRI - Paradise Valley, Nevada Weather Station",1341.12,m,11/10/2010,agrimet,dri,agrimet,pvanda.html,"Winnemucca, NV",15.89,"Golconda, NV",22.64,Humboldt,NV,32013
201,Feature,pvto,"Provolt, Oregon Weather Station",OR,42.489188,-122.7525659,Point,"[-122.7525659, 42.489188]","Provolt, Oregon Weather Station",1492.0,,3/13/2023,agrimet,pnro,agrimet,pvtoda.html,"Eagle Point, OR",2.87,"White City, OR",5.58,Jackson,OR,41029
208,Feature,rilo,"Riley, Oregon AgriMet Weather Station",OR,43.4900688,-119.4380141,Point,"[-119.4380141, 43.4900688]","Riley, Oregon AgriMet Weather Station",4183.0,,3/21/2024,agrimet,pnro,agrimet,riloda.html,"Hines, OR",18.62,"Burns, OR",19.46,Harney,OR,41025
212,Feature,roso,"Roseburg, OR AgriMet Weather Station",OR,43.27079,-123.43923,Point,"[-123.43923, 43.27079]","Roseburg, OR AgriMet Weather Station",153.6,,7/26/2016,agrimet,pnro,agrimet,rosoda.html,"Winchester, OR",4.4,"Roseburg, OR",4.95,Douglas,OR,41019
217,Feature,rufo,"Rufus, Oregon AgriMet Weather Station",OR,45.6741119,-120.7560935,Point,"[-120.7560935, 45.6741119]","Rufus, Oregon AgriMet Weather Station",909.0,,4/5/2024,agrimet,pnro,agrimet,rufoda.html,"Rufus, OR",1.61,"Wasco, OR",5.44,Sherman,OR,41055
221,Feature,scpo,"Scappoose, Oregon Weather Station",OR,45.75389,-122.855,Point,"[-122.855, 45.75389]","Scappoose, Oregon Weather Station",3.0,,2/21/2024,agrimet,pnro,agrimet,scpoda.html,"Scappoose, OR",1.99,"Warren, OR",5.0,Columbia,OR,41009
225,Feature,silw,"Silcott Island, Washington AgriMet Weather Station",WA,46.41861,-117.18472,Point,"[-117.18472, 46.41861]","Silcott Island, Washington AgriMet Weather Station",251.46,m,7/18/2002,agrimet,pnro,agrimet,silwda.html,"Clarkston, WA",5.99,"Uniontown, WA",8.65,Asotin,WA,53003
230,Feature,snco,"Seneca, Oregon AgriMet Weather Station",OR,44.148316,-118.979167,Point,"[-118.979167, 44.148316]","Seneca, Oregon AgriMet Weather Station",4672.0,,12/29/2023,agrimet,pnro,agrimet,sncoda.html,"Seneca, OR",4.15,"Canyon City, OR",18.18,Grant,OR,41023
240,Feature,subo,"Sublimity, Oregon Weather Station",OR,44.8740702,-122.7421764,Point,"[-122.7421764, 44.8740702]","Sublimity, Oregon Weather Station",248.0,,2/22/2024,agrimet,pnro,agrimet,suboda.html,"Sublimity, OR",3.61,"Stayton, OR",5.08,Marion,OR,41047
248,Feature,tlkc,"Tulelake, California AgriMet Weather Station",CA,41.86409,-121.51496,Point,"[-121.51496, 41.86409]","Tulelake, California AgriMet Weather Station",1223.0,,12/21/2016,agrimet,pnro,agrimet,tlkcda.html,"Tulelake, CA",6.24,"Malin, OR",11.8,Siskiyou,CA,06093
249,Feature,tlmo,"Tillamook, Oregon Weather Station",OR,45.4405,-123.7605,Point,"[-123.7605, 45.4405]","Tillamook, Oregon Weather Station",21.0,,2/20/23,agrimet,pnro,agrimet,tlmoda.html,"Tillamook, OR",2.9,"Bay City, OR",7.84,Tillamook,OR,41057
250,Feature,tmlo,"Tumalo, Oregon AgriMet Weather Station",OR,44.158243,-121.3987944,Point,"[-121.3987944, 44.158243]","Tumalo, Oregon AgriMet Weather Station",3451.0,,3/21/2024,agrimet,pnro,agrimet,tmloda.html,"Bend, OR",6.91,"Sisters, OR",12.05,Deschutes,OR,41017
258,Feature,twko,"Twickenham, Oregon AgriMet Weather Station",OR,44.74763,-120.17757,Point,"[-120.17757, 44.74763]","Twickenham, Oregon AgriMet Weather Station",1570.0,,10/11/2022,agrimet,pnro,agrimet,twkoda.html,"Mitchell, OR",12.68,"Fossil, OR",16.5,Wheeler,OR,41069
262,Feature,wdho,"Woodhall Vinyard near Monroe, Oregon AgriMet Weather Station",OR,44.3385,-123.408127,Point,"[-123.408127, 44.3385]","Woodhall Vinyard near Monroe, Oregon AgriMet Weather Station",191.0,,10/29/2020,agrimet,pnro,agrimet,wdhoda.html,"Monroe, OR",4.45,"Alsea, OR",10.14,Benton,OR,41003
263,Feature,wrdo,"Worden, Oregon AgriMet Weather Station",OR,42.0125,-121.7875,Point,"[-121.7875, 42.0125]","Worden, Oregon AgriMet Weather Station",1243.58,m,4/19/2000,agrimet,pnro,agrimet,wrdoda.html,"Dorris, CA",7.32,"Midland, OR",8.38,Klamath,OR,41035
265,Feature,wwco,"Wallowa County, Oregon AgriMet Weather Station",OR,45.3925,-117.22272,Point,"[-117.22272, 45.3925]","Wallowa County, Oregon AgriMet Weather Station",3943.0,,06/09/2022,agrimet,pnro,agrimet,wwcoda.html,"Joseph, OR",3.01,"Enterprise, OR",4.45,Wallowa,OR,41063
